date,word,niche_count,mainstream_count
2026-06-22,404 coded,0,0
2026-06-22,6-7,0,0
2026-06-22,absquatulate,0,0
2026-06-22,afternoonified,0,0
2026-06-22,algo-speak,0,0
2026-06-22,ate,0,0
2026-06-22,aura,0,0
2026-06-22,aura farming,0,0
2026-06-22,based,0,0
2026-06-22,bed rotting,0,0
2026-06-22,bee's knees,0,0
2026-06-22,beige flag,0,0
2026-06-22,blotto,0,0
2026-06-22,bop,0,0
2026-06-22,brainrot,0,0
2026-06-22,cap,0,0
2026-06-22,cattywampus,0,0
2026-06-22,caught in 4k,0,0
2026-06-22,choppelganger,0,0
2026-06-22,cooked,0,0
2026-06-22,crash out,0,0
2026-06-22,dandy,0,0
2026-06-22,dead soldier,0,0
2026-06-22,delulu,0,0
2026-06-22,drip,0,0
2026-06-22,dropping lore,0,0
2026-06-22,duck soup,0,0
2026-06-22,ends,0,0
2026-06-22,fanum tax,0,0
2026-06-22,flapper,0,0
2026-06-22,flummadiddle,0,0
2026-06-22,gassed,0,0
2026-06-22,ghosting,0,0
2026-06-22,giggle water,0,0
2026-06-22,gigglemug,0,0
2026-06-22,glad rags,0,0
2026-06-22,glazing,0,0
2026-06-22,got the morbs,0,0
2026-06-22,groovy,0,0
2026-06-22,gyatt,0,0
2026-06-22,hard pass,0,0
2026-06-22,hawkshaw,0,0
2026-06-22,hoosegow,0,0
2026-06-22,htn,0,0
2026-06-22,humbuggery,0,0
2026-06-22,huzz,0,0
2026-06-22,innit,0,0
2026-06-22,knackered,0,0
2026-06-22,lit,0,0
2026-06-22,lowkenuinely,0,0
2026-06-22,mandem,0,0
2026-06-22,mewing,0,0
2026-06-22,mogging,0,0
2026-06-22,mooncalf,0,0
2026-06-22,nanty narking,0,0
2026-06-22,peng,0,0
2026-06-22,phat,0,0
2026-06-22,quid,0,0
2026-06-22,ragebait,0,0
2026-06-22,rapscallion,0,0
2026-06-22,rich in life,0,0
2026-06-22,rizz,0,0
2026-06-22,salty,0,0
2026-06-22,serving,0,0
2026-06-22,shackbaggerly,0,0
2026-06-22,side-eye,0,0
2026-06-22,sigma,0,0
2026-06-22,situationship,0,0
2026-06-22,skibidi,0,0
2026-06-22,skilamalink,0,0
2026-06-22,slang,0,0
2026-06-22,sus,0,0
2026-06-22,taradiddle,0,0
2026-06-22,the ick,0,0
2026-06-22,touch grass,0,0
2026-06-22,uglyography,0,0
2026-06-22,unc,0,0
2026-06-22,wagwan,0,0
2026-06-22,wisenheimer,0,0
2026-06-22,zang,0,0
2026-06-22,zounds,0,0
2026-06-23,404 coded,0,0
2026-06-23,6-7,0,0
2026-06-23,absquatulate,0,0
2026-06-23,afternoonified,0,0
2026-06-23,algo-speak,0,0
2026-06-23,ate,0,0
2026-06-23,aura,0,0
2026-06-23,aura farming,0,0
2026-06-23,based,0,0
2026-06-23,bed rotting,0,0
2026-06-23,bee's knees,0,0
2026-06-23,beige flag,0,0
2026-06-23,blotto,0,0
2026-06-23,bop,0,0
2026-06-23,brainrot,0,0
2026-06-23,cap,0,0
2026-06-23,cattywampus,0,0
2026-06-23,caught in 4k,0,0
2026-06-23,choppelganger,0,0
2026-06-23,cooked,0,0
2026-06-23,crash out,0,0
2026-06-23,dandy,0,0
2026-06-23,dead soldier,0,0
2026-06-23,delulu,0,0
2026-06-23,drip,0,0
2026-06-23,dropping lore,0,0
2026-06-23,duck soup,0,0
2026-06-23,ends,0,0
2026-06-23,fanum tax,0,0
2026-06-23,flapper,0,0
2026-06-23,flummadiddle,0,0
2026-06-23,gassed,0,0
2026-06-23,ghosting,0,0
2026-06-23,giggle water,0,0
2026-06-23,gigglemug,0,0
2026-06-23,glad rags,0,0
2026-06-23,glazing,0,0
2026-06-23,got the morbs,0,0
2026-06-23,groovy,0,0
2026-06-23,gyatt,0,0
2026-06-23,hard pass,0,0
2026-06-23,hawkshaw,0,0
2026-06-23,hoosegow,0,0
2026-06-23,htn,0,0
2026-06-23,humbuggery,0,0
2026-06-23,huzz,0,0
2026-06-23,innit,0,0
2026-06-23,knackered,0,0
2026-06-23,lit,0,0
2026-06-23,lowkenuinely,0,0
2026-06-23,mandem,0,0
2026-06-23,mewing,0,0
2026-06-23,mogging,0,0
2026-06-23,mooncalf,0,0
2026-06-23,nanty narking,0,0
2026-06-23,peng,0,0
2026-06-23,phat,0,0
2026-06-23,quid,0,0
2026-06-23,ragebait,0,0
2026-06-23,rapscallion,0,0
2026-06-23,rich in life,0,0
2026-06-23,rizz,0,0
2026-06-23,salty,0,0
2026-06-23,serving,0,0
2026-06-23,shackbaggerly,0,0
2026-06-23,side-eye,0,0
2026-06-23,sigma,0,0
2026-06-23,situationship,0,0
2026-06-23,skibidi,0,0
2026-06-23,skilamalink,0,0
2026-06-23,slang,0,0
2026-06-23,sus,0,0
2026-06-23,taradiddle,0,0
2026-06-23,the ick,0,0
2026-06-23,touch grass,0,0
2026-06-23,uglyography,0,0
2026-06-23,unc,0,0
2026-06-23,wagwan,0,0
2026-06-23,wisenheimer,0,0
2026-06-23,zang,0,0
2026-06-23,zounds,0,0
2026-06-24,404 coded,0,0
2026-06-24,6-7,0,0
2026-06-24,absquatulate,0,0
2026-06-24,afternoonified,0,0
2026-06-24,algo-speak,0,0
2026-06-24,ate,0,0
2026-06-24,aura,0,0
2026-06-24,aura farming,0,0
2026-06-24,based,0,0
2026-06-24,bed rotting,0,0
2026-06-24,bee's knees,0,0
2026-06-24,beige flag,0,0
2026-06-24,blotto,0,0
2026-06-24,bop,0,0
2026-06-24,brainrot,0,0
2026-06-24,cap,0,0
2026-06-24,cattywampus,0,0
2026-06-24,caught in 4k,0,0
2026-06-24,choppelganger,0,0
2026-06-24,cooked,0,0
2026-06-24,crash out,0,0
2026-06-24,dandy,0,0
2026-06-24,dead soldier,0,0
2026-06-24,delulu,0,0
2026-06-24,drip,0,0
2026-06-24,dropping lore,0,0
2026-06-24,duck soup,0,0
2026-06-24,ends,0,0
2026-06-24,fanum tax,0,0
2026-06-24,flapper,0,0
2026-06-24,flummadiddle,0,0
2026-06-24,gassed,0,0
2026-06-24,ghosting,0,0
2026-06-24,giggle water,0,0
2026-06-24,gigglemug,0,0
2026-06-24,glad rags,0,0
2026-06-24,glazing,0,0
2026-06-24,got the morbs,0,0
2026-06-24,groovy,0,0
2026-06-24,gyatt,0,0
2026-06-24,hard pass,0,0
2026-06-24,hawkshaw,0,0
2026-06-24,hoosegow,0,0
2026-06-24,htn,0,0
2026-06-24,humbuggery,0,0
2026-06-24,huzz,0,0
2026-06-24,innit,0,0
2026-06-24,knackered,0,0
2026-06-24,lit,0,0
2026-06-24,lowkenuinely,0,0
2026-06-24,mandem,0,0
2026-06-24,mewing,0,0
2026-06-24,mogging,0,0
2026-06-24,mooncalf,0,0
2026-06-24,nanty narking,0,0
2026-06-24,peng,0,0
2026-06-24,phat,0,0
2026-06-24,quid,0,0
2026-06-24,ragebait,0,0
2026-06-24,rapscallion,0,0
2026-06-24,rich in life,0,0
2026-06-24,rizz,0,0
2026-06-24,salty,0,0
2026-06-24,serving,0,0
2026-06-24,shackbaggerly,0,0
2026-06-24,side-eye,0,0
2026-06-24,sigma,0,0
2026-06-24,situationship,0,0
2026-06-24,skibidi,0,0
2026-06-24,skilamalink,0,0
2026-06-24,slang,0,0
2026-06-24,sus,0,0
2026-06-24,taradiddle,0,0
2026-06-24,the ick,0,0
2026-06-24,touch grass,0,0
2026-06-24,uglyography,0,0
2026-06-24,unc,0,0
2026-06-24,wagwan,0,0
2026-06-24,wisenheimer,0,0
2026-06-24,zang,0,0
2026-06-24,zounds,0,0
2026-06-25,404 coded,0,0
2026-06-25,6-7,0,0
2026-06-25,absquatulate,0,0
2026-06-25,afternoonified,0,0
2026-06-25,algo-speak,0,0
2026-06-25,ate,0,0
2026-06-25,aura,0,0
2026-06-25,aura farming,0,0
2026-06-25,based,0,0
2026-06-25,bed rotting,0,0
2026-06-25,bee's knees,0,0
2026-06-25,beige flag,0,0
2026-06-25,blotto,0,0
2026-06-25,bop,0,0
2026-06-25,brainrot,0,0
2026-06-25,cap,0,0
2026-06-25,cattywampus,0,0
2026-06-25,caught in 4k,0,0
2026-06-25,choppelganger,0,0
2026-06-25,cooked,0,0
2026-06-25,crash out,0,0
2026-06-25,dandy,0,0
2026-06-25,dead soldier,0,0
2026-06-25,delulu,0,0
2026-06-25,drip,0,0
2026-06-25,dropping lore,0,0
2026-06-25,duck soup,0,0
2026-06-25,ends,0,0
2026-06-25,fanum tax,0,0
2026-06-25,flapper,0,0
2026-06-25,flummadiddle,0,0
2026-06-25,gassed,0,0
2026-06-25,ghosting,0,0
2026-06-25,giggle water,0,0
2026-06-25,gigglemug,0,0
2026-06-25,glad rags,0,0
2026-06-25,glazing,0,0
2026-06-25,got the morbs,0,0
2026-06-25,groovy,0,0
2026-06-25,gyatt,0,0
2026-06-25,hard pass,0,0
2026-06-25,hawkshaw,0,0
2026-06-25,hoosegow,0,0
2026-06-25,htn,0,0
2026-06-25,humbuggery,0,0
2026-06-25,huzz,0,0
2026-06-25,innit,0,0
2026-06-25,knackered,0,0
2026-06-25,lit,0,0
2026-06-25,lowkenuinely,0,0
2026-06-25,mandem,0,0
2026-06-25,mewing,0,0
2026-06-25,mogging,0,0
2026-06-25,mooncalf,0,0
2026-06-25,nanty narking,0,0
2026-06-25,peng,0,0
2026-06-25,phat,0,0
2026-06-25,quid,0,0
2026-06-25,ragebait,0,0
2026-06-25,rapscallion,0,0
2026-06-25,rich in life,0,0
2026-06-25,rizz,0,0
2026-06-25,salty,0,0
2026-06-25,serving,0,0
2026-06-25,shackbaggerly,0,0
2026-06-25,side-eye,0,0
2026-06-25,sigma,0,0
2026-06-25,situationship,0,0
2026-06-25,skibidi,0,0
2026-06-25,skilamalink,0,0
2026-06-25,slang,0,0
2026-06-25,sus,0,0
2026-06-25,taradiddle,0,0
2026-06-25,the ick,0,0
2026-06-25,touch grass,0,0
2026-06-25,uglyography,0,0
2026-06-25,unc,0,0
2026-06-25,wagwan,0,0
2026-06-25,wisenheimer,0,0
2026-06-25,zang,0,0
2026-06-25,zounds,0,0
2026-06-26,404 coded,0,0
2026-06-26,6-7,0,0
2026-06-26,absquatulate,0,0
2026-06-26,afternoonified,0,0
2026-06-26,algo-speak,0,0
2026-06-26,ate,0,0
2026-06-26,aura,0,0
2026-06-26,aura farming,0,0
2026-06-26,based,0,0
2026-06-26,bed rotting,0,0
2026-06-26,bee's knees,0,0
2026-06-26,beige flag,0,0
2026-06-26,blotto,0,0
2026-06-26,bop,0,0
2026-06-26,brainrot,0,0
2026-06-26,cap,0,0
2026-06-26,cattywampus,0,0
2026-06-26,caught in 4k,0,0
2026-06-26,choppelganger,0,0
2026-06-26,cooked,0,0
2026-06-26,crash out,0,0
2026-06-26,dandy,0,0
2026-06-26,dead soldier,0,0
2026-06-26,delulu,0,0
2026-06-26,drip,0,0
2026-06-26,dropping lore,0,0
2026-06-26,duck soup,0,0
2026-06-26,ends,0,0
2026-06-26,fanum tax,0,0
2026-06-26,flapper,0,0
2026-06-26,flummadiddle,0,0
2026-06-26,gassed,0,0
2026-06-26,ghosting,0,0
2026-06-26,giggle water,0,0
2026-06-26,gigglemug,0,0
2026-06-26,glad rags,0,0
2026-06-26,glazing,0,0
2026-06-26,got the morbs,0,0
2026-06-26,groovy,0,0
2026-06-26,gyatt,0,0
2026-06-26,hard pass,0,0
2026-06-26,hawkshaw,0,0
2026-06-26,hoosegow,0,0
2026-06-26,htn,0,0
2026-06-26,humbuggery,0,0
2026-06-26,huzz,0,0
2026-06-26,innit,0,0
2026-06-26,knackered,0,0
2026-06-26,lit,0,0
2026-06-26,lowkenuinely,0,0
2026-06-26,mandem,0,0
2026-06-26,mewing,0,0
2026-06-26,mogging,0,0
2026-06-26,mooncalf,0,0
2026-06-26,nanty narking,0,0
2026-06-26,peng,0,0
2026-06-26,phat,0,0
2026-06-26,quid,0,0
2026-06-26,ragebait,0,0
2026-06-26,rapscallion,0,0
2026-06-26,rich in life,0,0
2026-06-26,rizz,0,0
2026-06-26,salty,0,0
2026-06-26,serving,0,0
2026-06-26,shackbaggerly,0,0
2026-06-26,side-eye,0,0
2026-06-26,sigma,0,0
2026-06-26,situationship,0,0
2026-06-26,skibidi,0,0
2026-06-26,skilamalink,0,0
2026-06-26,slang,0,0
2026-06-26,sus,0,0
2026-06-26,taradiddle,0,0
2026-06-26,the ick,0,0
2026-06-26,touch grass,0,0
2026-06-26,uglyography,0,0
2026-06-26,unc,0,0
2026-06-26,wagwan,0,0
2026-06-26,wisenheimer,0,0
2026-06-26,zang,0,0
2026-06-26,zounds,0,0
2026-06-27,404 coded,0,0
2026-06-27,6-7,0,0
2026-06-27,absquatulate,0,0
2026-06-27,afternoonified,0,0
2026-06-27,algo-speak,0,0
2026-06-27,ate,0,0
2026-06-27,aura,0,0
2026-06-27,aura farming,0,0
2026-06-27,based,0,0
2026-06-27,bed rotting,0,0
2026-06-27,bee's knees,0,0
2026-06-27,beige flag,0,0
2026-06-27,blotto,0,0
2026-06-27,bop,0,0
2026-06-27,brainrot,0,0
2026-06-27,cap,0,0
2026-06-27,cattywampus,0,0
2026-06-27,caught in 4k,0,0
2026-06-27,choppelganger,0,0
2026-06-27,cooked,0,0
2026-06-27,crash out,0,0
2026-06-27,dandy,0,0
2026-06-27,dead soldier,0,0
2026-06-27,delulu,0,0
2026-06-27,drip,0,0
2026-06-27,dropping lore,0,0
2026-06-27,duck soup,0,0
2026-06-27,ends,0,0
2026-06-27,fanum tax,0,0
2026-06-27,flapper,0,0
2026-06-27,flummadiddle,0,0
2026-06-27,gassed,0,0
2026-06-27,ghosting,0,0
2026-06-27,giggle water,0,0
2026-06-27,gigglemug,0,0
2026-06-27,glad rags,0,0
2026-06-27,glazing,0,0
2026-06-27,got the morbs,0,0
2026-06-27,groovy,0,0
2026-06-27,gyatt,0,0
2026-06-27,hard pass,0,0
2026-06-27,hawkshaw,0,0
2026-06-27,hoosegow,0,0
2026-06-27,htn,0,0
2026-06-27,humbuggery,0,0
2026-06-27,huzz,0,0
2026-06-27,innit,0,0
2026-06-27,knackered,0,0
2026-06-27,lit,0,0
2026-06-27,lowkenuinely,0,0
2026-06-27,mandem,0,0
2026-06-27,mewing,0,0
2026-06-27,mogging,0,0
2026-06-27,mooncalf,0,0
2026-06-27,nanty narking,0,0
2026-06-27,peng,0,0
2026-06-27,phat,0,0
2026-06-27,quid,0,0
2026-06-27,ragebait,0,0
2026-06-27,rapscallion,0,0
2026-06-27,rich in life,0,0
2026-06-27,rizz,0,0
2026-06-27,salty,0,0
2026-06-27,serving,0,0
2026-06-27,shackbaggerly,0,0
2026-06-27,side-eye,0,0
2026-06-27,sigma,0,0
2026-06-27,situationship,0,0
2026-06-27,skibidi,0,0
2026-06-27,skilamalink,0,0
2026-06-27,slang,0,0
2026-06-27,sus,0,0
2026-06-27,taradiddle,0,0
2026-06-27,the ick,0,0
2026-06-27,touch grass,0,0
2026-06-27,uglyography,0,0
2026-06-27,unc,0,0
2026-06-27,wagwan,0,0
2026-06-27,wisenheimer,0,0
2026-06-27,zang,0,0
2026-06-27,zounds,0,0
2026-06-28,404 coded,0,0
2026-06-28,6-7,0,0
2026-06-28,absquatulate,0,0
2026-06-28,afternoonified,0,0
2026-06-28,algo-speak,0,0
2026-06-28,ate,0,0
2026-06-28,aura,0,0
2026-06-28,aura farming,0,0
2026-06-28,based,0,0
2026-06-28,bed rotting,0,0
2026-06-28,bee's knees,0,0
2026-06-28,beige flag,0,0
2026-06-28,blotto,0,0
2026-06-28,bop,0,0
2026-06-28,brainrot,0,0
2026-06-28,cap,0,0
2026-06-28,cattywampus,0,0
2026-06-28,caught in 4k,0,0
2026-06-28,choppelganger,0,0
2026-06-28,cooked,0,0
2026-06-28,crash out,0,0
2026-06-28,dandy,0,0
2026-06-28,dead soldier,0,0
2026-06-28,delulu,0,0
2026-06-28,drip,0,0
2026-06-28,dropping lore,0,0
2026-06-28,duck soup,0,0
2026-06-28,ends,0,0
2026-06-28,fanum tax,0,0
2026-06-28,flapper,0,0
2026-06-28,flummadiddle,0,0
2026-06-28,gassed,0,0
2026-06-28,ghosting,0,0
2026-06-28,giggle water,0,0
2026-06-28,gigglemug,0,0
2026-06-28,glad rags,0,0
2026-06-28,glazing,0,0
2026-06-28,got the morbs,0,0
2026-06-28,groovy,0,0
2026-06-28,gyatt,0,0
2026-06-28,hard pass,0,0
2026-06-28,hawkshaw,0,0
2026-06-28,hoosegow,0,0
2026-06-28,htn,0,0
2026-06-28,humbuggery,0,0
2026-06-28,huzz,0,0
2026-06-28,innit,0,0
2026-06-28,knackered,0,0
2026-06-28,lit,0,0
2026-06-28,lowkenuinely,0,0
2026-06-28,mandem,0,0
2026-06-28,mewing,0,0
2026-06-28,mogging,0,0
2026-06-28,mooncalf,0,0
2026-06-28,nanty narking,0,0
2026-06-28,peng,0,0
2026-06-28,phat,0,0
2026-06-28,quid,0,0
2026-06-28,ragebait,0,0
2026-06-28,rapscallion,0,0
2026-06-28,rich in life,0,0
2026-06-28,rizz,0,0
2026-06-28,salty,0,0
2026-06-28,serving,0,0
2026-06-28,shackbaggerly,0,0
2026-06-28,side-eye,0,0
2026-06-28,sigma,0,0
2026-06-28,situationship,0,0
2026-06-28,skibidi,0,0
2026-06-28,skilamalink,0,0
2026-06-28,slang,0,0
2026-06-28,sus,0,0
2026-06-28,taradiddle,0,0
2026-06-28,the ick,0,0
2026-06-28,touch grass,0,0
2026-06-28,uglyography,0,0
2026-06-28,unc,0,0
2026-06-28,wagwan,0,0
2026-06-28,wisenheimer,0,0
2026-06-28,zang,0,0
2026-06-28,zounds,0,0
2026-06-29,404 coded,0,0
2026-06-29,6-7,0,0
2026-06-29,absquatulate,0,0
2026-06-29,afternoonified,0,0
2026-06-29,algo-speak,0,0
2026-06-29,ate,0,0
2026-06-29,aura,0,0
2026-06-29,aura farming,0,0
2026-06-29,based,0,0
2026-06-29,bed rotting,0,0
2026-06-29,bee's knees,0,0
2026-06-29,beige flag,0,0
2026-06-29,blotto,0,0
2026-06-29,bop,0,0
2026-06-29,brainrot,0,0
2026-06-29,cap,0,0
2026-06-29,cattywampus,0,0
2026-06-29,caught in 4k,0,0
2026-06-29,choppelganger,0,0
2026-06-29,cooked,0,0
2026-06-29,crash out,0,0
2026-06-29,dandy,0,0
2026-06-29,dead soldier,0,0
2026-06-29,delulu,0,0
2026-06-29,drip,0,0
2026-06-29,dropping lore,0,0
2026-06-29,duck soup,0,0
2026-06-29,ends,0,0
2026-06-29,fanum tax,0,0
2026-06-29,flapper,0,0
2026-06-29,flummadiddle,0,0
2026-06-29,gassed,0,0
2026-06-29,ghosting,0,0
2026-06-29,giggle water,0,0
2026-06-29,gigglemug,0,0
2026-06-29,glad rags,0,0
2026-06-29,glazing,0,0
2026-06-29,got the morbs,0,0
2026-06-29,groovy,0,0
2026-06-29,gyatt,0,0
2026-06-29,hard pass,0,0
2026-06-29,hawkshaw,0,0
2026-06-29,hoosegow,0,0
2026-06-29,htn,0,0
2026-06-29,humbuggery,0,0
2026-06-29,huzz,0,0
2026-06-29,innit,0,0
2026-06-29,knackered,0,0
2026-06-29,lit,0,0
2026-06-29,lowkenuinely,0,0
2026-06-29,mandem,0,0
2026-06-29,mewing,0,0
2026-06-29,mogging,0,0
2026-06-29,mooncalf,0,0
2026-06-29,nanty narking,0,0
2026-06-29,peng,0,0
2026-06-29,phat,0,0
2026-06-29,quid,0,0
2026-06-29,ragebait,0,0
2026-06-29,rapscallion,0,0
2026-06-29,rich in life,0,0
2026-06-29,rizz,0,0
2026-06-29,salty,0,0
2026-06-29,serving,0,0
2026-06-29,shackbaggerly,0,0
2026-06-29,side-eye,0,0
2026-06-29,sigma,0,0
2026-06-29,situationship,0,0
2026-06-29,skibidi,0,0
2026-06-29,skilamalink,0,0
2026-06-29,slang,0,0
2026-06-29,sus,0,0
2026-06-29,taradiddle,0,0
2026-06-29,the ick,0,0
2026-06-29,touch grass,0,0
2026-06-29,uglyography,0,0
2026-06-29,unc,0,0
2026-06-29,wagwan,0,0
2026-06-29,wisenheimer,0,0
2026-06-29,zang,0,0
2026-06-29,zounds,0,0
2026-06-30,404 coded,0,0
2026-06-30,6-7,0,0
2026-06-30,absquatulate,0,0
2026-06-30,afternoonified,0,0
2026-06-30,algo-speak,0,0
2026-06-30,ate,0,0
2026-06-30,aura,0,0
2026-06-30,aura farming,0,0
2026-06-30,based,0,0
2026-06-30,bed rotting,0,0
2026-06-30,bee's knees,0,0
2026-06-30,beige flag,0,0
2026-06-30,blotto,0,0
2026-06-30,bop,0,0
2026-06-30,brainrot,0,0
2026-06-30,cap,0,0
2026-06-30,cattywampus,0,0
2026-06-30,caught in 4k,0,0
2026-06-30,choppelganger,0,0
2026-06-30,cooked,0,0
2026-06-30,crash out,0,0
2026-06-30,dandy,0,0
2026-06-30,dead soldier,0,0
2026-06-30,delulu,0,0
2026-06-30,drip,0,0
2026-06-30,dropping lore,0,0
2026-06-30,duck soup,0,0
2026-06-30,ends,0,0
2026-06-30,fanum tax,0,0
2026-06-30,flapper,0,0
2026-06-30,flummadiddle,0,0
2026-06-30,gassed,0,0
2026-06-30,ghosting,0,0
2026-06-30,giggle water,0,0
2026-06-30,gigglemug,0,0
2026-06-30,glad rags,0,0
2026-06-30,glazing,0,0
2026-06-30,got the morbs,0,0
2026-06-30,groovy,0,0
2026-06-30,gyatt,0,0
2026-06-30,hard pass,0,0
2026-06-30,hawkshaw,0,0
2026-06-30,hoosegow,0,0
2026-06-30,htn,0,0
2026-06-30,humbuggery,0,0
2026-06-30,huzz,0,0
2026-06-30,innit,0,0
2026-06-30,knackered,0,0
2026-06-30,lit,0,0
2026-06-30,lowkenuinely,0,0
2026-06-30,mandem,0,0
2026-06-30,mewing,0,0
2026-06-30,mogging,0,0
2026-06-30,mooncalf,0,0
2026-06-30,nanty narking,0,0
2026-06-30,peng,0,0
2026-06-30,phat,0,0
2026-06-30,quid,0,0
2026-06-30,ragebait,0,0
2026-06-30,rapscallion,0,0
2026-06-30,rich in life,0,0
2026-06-30,rizz,0,0
2026-06-30,salty,0,0
2026-06-30,serving,0,0
2026-06-30,shackbaggerly,0,0
2026-06-30,side-eye,0,0
2026-06-30,sigma,0,0
2026-06-30,situationship,0,0
2026-06-30,skibidi,0,0
2026-06-30,skilamalink,0,0
2026-06-30,slang,0,0
2026-06-30,sus,0,0
2026-06-30,taradiddle,0,0
2026-06-30,the ick,0,0
2026-06-30,touch grass,0,0
2026-06-30,uglyography,0,0
2026-06-30,unc,0,0
2026-06-30,wagwan,0,0
2026-06-30,wisenheimer,0,0
2026-06-30,zang,0,0
2026-06-30,zounds,0,0
2026-07-01,404 coded,0,0
2026-07-01,6-7,0,0
2026-07-01,absquatulate,0,0
2026-07-01,afternoonified,0,0
2026-07-01,algo-speak,0,0
2026-07-01,ate,0,0
2026-07-01,aura,0,0
2026-07-01,aura farming,0,0
2026-07-01,based,0,0
2026-07-01,bed rotting,0,0
2026-07-01,bee's knees,0,0
2026-07-01,beige flag,0,0
2026-07-01,blotto,0,0
2026-07-01,bop,0,0
2026-07-01,brainrot,0,0
2026-07-01,cap,0,0
2026-07-01,cattywampus,0,0
2026-07-01,caught in 4k,0,0
2026-07-01,choppelganger,0,0
2026-07-01,cooked,0,0
2026-07-01,crash out,0,0
2026-07-01,dandy,0,0
2026-07-01,dead soldier,0,0
2026-07-01,delulu,0,0
2026-07-01,drip,0,0
2026-07-01,dropping lore,0,0
2026-07-01,duck soup,0,0
2026-07-01,ends,0,0
2026-07-01,fanum tax,0,0
2026-07-01,flapper,0,0
2026-07-01,flummadiddle,0,0
2026-07-01,gassed,0,0
2026-07-01,ghosting,0,0
2026-07-01,giggle water,0,0
2026-07-01,gigglemug,0,0
2026-07-01,glad rags,0,0
2026-07-01,glazing,0,0
2026-07-01,got the morbs,0,0
2026-07-01,groovy,0,0
2026-07-01,gyatt,0,0
2026-07-01,hard pass,0,0
2026-07-01,hawkshaw,0,0
2026-07-01,hoosegow,0,0
2026-07-01,htn,0,0
2026-07-01,humbuggery,0,0
2026-07-01,huzz,0,0
2026-07-01,innit,0,0
2026-07-01,knackered,0,0
2026-07-01,lit,0,0
2026-07-01,lowkenuinely,0,0
2026-07-01,mandem,0,0
2026-07-01,mewing,0,0
2026-07-01,mogging,0,0
2026-07-01,mooncalf,0,0
2026-07-01,nanty narking,0,0
2026-07-01,peng,0,0
2026-07-01,phat,0,0
2026-07-01,quid,0,0
2026-07-01,ragebait,0,0
2026-07-01,rapscallion,0,0
2026-07-01,rich in life,0,0
2026-07-01,rizz,0,0
2026-07-01,salty,0,0
2026-07-01,serving,0,0
2026-07-01,shackbaggerly,0,0
2026-07-01,side-eye,0,0
2026-07-01,sigma,0,0
2026-07-01,situationship,0,0
2026-07-01,skibidi,0,0
2026-07-01,skilamalink,0,0
2026-07-01,slang,0,0
2026-07-01,sus,0,0
2026-07-01,taradiddle,0,0
2026-07-01,the ick,0,0
2026-07-01,touch grass,0,0
2026-07-01,uglyography,0,0
2026-07-01,unc,0,0
2026-07-01,wagwan,0,0
2026-07-01,wisenheimer,0,0
2026-07-01,zang,0,0
2026-07-01,zounds,0,0
2026-07-02,404 coded,0,0
2026-07-02,6-7,0,0
2026-07-02,absquatulate,0,0
2026-07-02,afternoonified,0,0
2026-07-02,algo-speak,0,0
2026-07-02,ate,0,0
2026-07-02,aura,0,0
2026-07-02,aura farming,0,0
2026-07-02,based,0,0
2026-07-02,bed rotting,0,0
2026-07-02,bee's knees,0,0
2026-07-02,beige flag,0,0
2026-07-02,blotto,0,0
2026-07-02,bop,0,0
2026-07-02,brainrot,0,0
2026-07-02,cap,0,0
2026-07-02,cattywampus,0,0
2026-07-02,caught in 4k,0,0
2026-07-02,choppelganger,0,0
2026-07-02,cooked,0,0
2026-07-02,crash out,0,0
2026-07-02,dandy,0,0
2026-07-02,dead soldier,0,0
2026-07-02,delulu,0,0
2026-07-02,drip,0,0
2026-07-02,dropping lore,0,0
2026-07-02,duck soup,0,0
2026-07-02,ends,0,0
2026-07-02,fanum tax,0,0
2026-07-02,flapper,0,0
2026-07-02,flummadiddle,0,0
2026-07-02,gassed,0,0
2026-07-02,ghosting,0,0
2026-07-02,giggle water,0,0
2026-07-02,gigglemug,0,0
2026-07-02,glad rags,0,0
2026-07-02,glazing,0,0
2026-07-02,got the morbs,0,0
2026-07-02,groovy,0,0
2026-07-02,gyatt,0,0
2026-07-02,hard pass,0,0
2026-07-02,hawkshaw,0,0
2026-07-02,hoosegow,0,0
2026-07-02,htn,0,0
2026-07-02,humbuggery,0,0
2026-07-02,huzz,0,0
2026-07-02,innit,0,0
2026-07-02,knackered,0,0
2026-07-02,lit,0,0
2026-07-02,lowkenuinely,0,0
2026-07-02,mandem,0,0
2026-07-02,mewing,0,0
2026-07-02,mogging,0,0
2026-07-02,mooncalf,0,0
2026-07-02,nanty narking,0,0
2026-07-02,peng,0,0
2026-07-02,phat,0,0
2026-07-02,quid,0,0
2026-07-02,ragebait,0,0
2026-07-02,rapscallion,0,0
2026-07-02,rich in life,0,0
2026-07-02,rizz,0,0
2026-07-02,salty,0,0
2026-07-02,serving,0,0
2026-07-02,shackbaggerly,0,0
2026-07-02,side-eye,0,0
2026-07-02,sigma,0,0
2026-07-02,situationship,0,0
2026-07-02,skibidi,0,0
2026-07-02,skilamalink,0,0
2026-07-02,slang,0,0
2026-07-02,sus,0,0
2026-07-02,taradiddle,0,0
2026-07-02,the ick,0,0
2026-07-02,touch grass,0,0
2026-07-02,uglyography,0,0
2026-07-02,unc,0,0
2026-07-02,wagwan,0,0
2026-07-02,wisenheimer,0,0
2026-07-02,zang,0,0
2026-07-02,zounds,0,0
2026-07-03,404 coded,0,0
2026-07-03,6-7,0,0
2026-07-03,absquatulate,0,0
2026-07-03,afternoonified,0,0
2026-07-03,algo-speak,0,0
2026-07-03,ate,0,0
2026-07-03,aura,0,0
2026-07-03,aura farming,0,0
2026-07-03,based,0,0
2026-07-03,bed rotting,0,0
2026-07-03,bee's knees,0,0
2026-07-03,beige flag,0,0
2026-07-03,blotto,0,0
2026-07-03,bop,0,0
2026-07-03,brainrot,0,0
2026-07-03,cap,0,0
2026-07-03,cattywampus,0,0
2026-07-03,caught in 4k,0,0
2026-07-03,choppelganger,0,0
2026-07-03,cooked,0,0
2026-07-03,crash out,0,0
2026-07-03,dandy,0,0
2026-07-03,dead soldier,0,0
2026-07-03,delulu,0,0
2026-07-03,drip,0,0
2026-07-03,dropping lore,0,0
2026-07-03,duck soup,0,0
2026-07-03,ends,0,0
2026-07-03,fanum tax,0,0
2026-07-03,flapper,0,0
2026-07-03,flummadiddle,0,0
2026-07-03,gassed,0,0
2026-07-03,ghosting,0,0
2026-07-03,giggle water,0,0
2026-07-03,gigglemug,0,0
2026-07-03,glad rags,0,0
2026-07-03,glazing,0,0
2026-07-03,got the morbs,0,0
2026-07-03,groovy,0,0
2026-07-03,gyatt,0,0
2026-07-03,hard pass,0,0
2026-07-03,hawkshaw,0,0
2026-07-03,hoosegow,0,0
2026-07-03,htn,0,0
2026-07-03,humbuggery,0,0
2026-07-03,huzz,0,0
2026-07-03,innit,0,0
2026-07-03,knackered,0,0
2026-07-03,lit,0,0
2026-07-03,lowkenuinely,0,0
2026-07-03,mandem,0,0
2026-07-03,mewing,0,0
2026-07-03,mogging,0,0
2026-07-03,mooncalf,0,0
2026-07-03,nanty narking,0,0
2026-07-03,peng,0,0
2026-07-03,phat,0,0
2026-07-03,quid,0,0
2026-07-03,ragebait,0,0
2026-07-03,rapscallion,0,0
2026-07-03,rich in life,0,0
2026-07-03,rizz,0,0
2026-07-03,salty,0,0
2026-07-03,serving,0,0
2026-07-03,shackbaggerly,0,0
2026-07-03,side-eye,0,0
2026-07-03,sigma,0,0
2026-07-03,situationship,0,0
2026-07-03,skibidi,0,0
2026-07-03,skilamalink,0,0
2026-07-03,slang,0,0
2026-07-03,sus,0,0
2026-07-03,taradiddle,0,0
2026-07-03,the ick,0,0
2026-07-03,touch grass,0,0
2026-07-03,uglyography,0,0
2026-07-03,unc,0,0
2026-07-03,wagwan,0,0
2026-07-03,wisenheimer,0,0
2026-07-03,zang,0,0
2026-07-03,zounds,0,0
2026-07-04,404 coded,0,0
2026-07-04,6-7,0,0
2026-07-04,absquatulate,0,0
2026-07-04,afternoonified,0,0
2026-07-04,algo-speak,0,0
2026-07-04,ate,0,0
2026-07-04,aura,0,0
2026-07-04,aura farming,0,0
2026-07-04,based,0,0
2026-07-04,bed rotting,0,0
2026-07-04,bee's knees,0,0
2026-07-04,beige flag,0,0
2026-07-04,blotto,0,0
2026-07-04,bop,0,0
2026-07-04,brainrot,0,0
2026-07-04,cap,0,0
2026-07-04,cattywampus,0,0
2026-07-04,caught in 4k,0,0
2026-07-04,choppelganger,0,0
2026-07-04,cooked,0,0
2026-07-04,crash out,0,0
2026-07-04,dandy,0,0
2026-07-04,dead soldier,0,0
2026-07-04,delulu,0,0
2026-07-04,drip,0,0
2026-07-04,dropping lore,0,0
2026-07-04,duck soup,0,0
2026-07-04,ends,0,0
2026-07-04,fanum tax,0,0
2026-07-04,flapper,0,0
2026-07-04,flummadiddle,0,0
2026-07-04,gassed,0,0
2026-07-04,ghosting,0,0
2026-07-04,giggle water,0,0
2026-07-04,gigglemug,0,0
2026-07-04,glad rags,0,0
2026-07-04,glazing,0,0
2026-07-04,got the morbs,0,0
2026-07-04,groovy,0,0
2026-07-04,gyatt,0,0
2026-07-04,hard pass,0,0
2026-07-04,hawkshaw,0,0
2026-07-04,hoosegow,0,0
2026-07-04,htn,0,0
2026-07-04,humbuggery,0,0
2026-07-04,huzz,0,0
2026-07-04,innit,0,0
2026-07-04,knackered,0,0
2026-07-04,lit,0,0
2026-07-04,lowkenuinely,0,0
2026-07-04,mandem,0,0
2026-07-04,mewing,0,0
2026-07-04,mogging,0,0
2026-07-04,mooncalf,0,0
2026-07-04,nanty narking,0,0
2026-07-04,peng,0,0
2026-07-04,phat,0,0
2026-07-04,quid,0,0
2026-07-04,ragebait,0,0
2026-07-04,rapscallion,0,0
2026-07-04,rich in life,0,0
2026-07-04,rizz,0,0
2026-07-04,salty,0,0
2026-07-04,serving,0,0
2026-07-04,shackbaggerly,0,0
2026-07-04,side-eye,0,0
2026-07-04,sigma,0,0
2026-07-04,situationship,0,0
2026-07-04,skibidi,0,0
2026-07-04,skilamalink,0,0
2026-07-04,slang,0,0
2026-07-04,sus,0,0
2026-07-04,taradiddle,0,0
2026-07-04,the ick,0,0
2026-07-04,touch grass,0,0
2026-07-04,uglyography,0,0
2026-07-04,unc,0,0
2026-07-04,wagwan,0,0
2026-07-04,wisenheimer,0,0
2026-07-04,zang,0,0
2026-07-04,zounds,0,0
2026-07-05,404 coded,0,0
2026-07-05,6-7,0,0
2026-07-05,absquatulate,0,0
2026-07-05,afternoonified,0,0
2026-07-05,algo-speak,0,0
2026-07-05,ate,0,0
2026-07-05,aura,0,0
2026-07-05,aura farming,0,0
2026-07-05,based,0,0
2026-07-05,bed rotting,0,0
2026-07-05,bee's knees,0,0
2026-07-05,beige flag,0,0
2026-07-05,blotto,0,0
2026-07-05,bop,0,0
2026-07-05,brainrot,0,0
2026-07-05,cap,0,0
2026-07-05,cattywampus,0,0
2026-07-05,caught in 4k,0,0
2026-07-05,choppelganger,0,0
2026-07-05,cooked,0,0
2026-07-05,crash out,0,0
2026-07-05,dandy,0,0
2026-07-05,dead soldier,0,0
2026-07-05,delulu,0,0
2026-07-05,drip,0,0
2026-07-05,dropping lore,0,0
2026-07-05,duck soup,0,0
2026-07-05,ends,0,0
2026-07-05,fanum tax,0,0
2026-07-05,flapper,0,0
2026-07-05,flummadiddle,0,0
2026-07-05,gassed,0,0
2026-07-05,ghosting,0,0
2026-07-05,giggle water,0,0
2026-07-05,gigglemug,0,0
2026-07-05,glad rags,0,0
2026-07-05,glazing,0,0
2026-07-05,got the morbs,0,0
2026-07-05,groovy,0,0
2026-07-05,gyatt,0,0
2026-07-05,hard pass,0,0
2026-07-05,hawkshaw,0,0
2026-07-05,hoosegow,0,0
2026-07-05,htn,0,0
2026-07-05,humbuggery,0,0
2026-07-05,huzz,0,0
2026-07-05,innit,0,0
2026-07-05,knackered,0,0
2026-07-05,lit,0,0
2026-07-05,lowkenuinely,0,0
2026-07-05,mandem,0,0
2026-07-05,mewing,0,0
2026-07-05,mogging,0,0
2026-07-05,mooncalf,0,0
2026-07-05,nanty narking,0,0
2026-07-05,peng,0,0
2026-07-05,phat,0,0
2026-07-05,quid,0,0
2026-07-05,ragebait,0,0
2026-07-05,rapscallion,0,0
2026-07-05,rich in life,0,0
2026-07-05,rizz,0,0
2026-07-05,salty,0,0
2026-07-05,serving,0,0
2026-07-05,shackbaggerly,0,0
2026-07-05,side-eye,0,0
2026-07-05,sigma,0,0
2026-07-05,situationship,0,0
2026-07-05,skibidi,0,0
2026-07-05,skilamalink,0,0
2026-07-05,slang,0,0
2026-07-05,sus,0,0
2026-07-05,taradiddle,0,0
2026-07-05,the ick,0,0
2026-07-05,touch grass,0,0
2026-07-05,uglyography,0,0
2026-07-05,unc,0,0
2026-07-05,wagwan,0,0
2026-07-05,wisenheimer,0,0
2026-07-05,zang,0,0
2026-07-05,zounds,0,0
2026-07-06,404 coded,0,0
2026-07-06,6-7,0,0
2026-07-06,absquatulate,0,0
2026-07-06,afternoonified,0,0
2026-07-06,algo-speak,0,0
2026-07-06,ate,0,0
2026-07-06,aura,0,0
2026-07-06,aura farming,0,0
2026-07-06,based,0,0
2026-07-06,bed rotting,0,0
2026-07-06,bee's knees,0,0
2026-07-06,beige flag,0,0
2026-07-06,blotto,0,0
2026-07-06,bop,0,0
2026-07-06,brainrot,0,0
2026-07-06,cap,0,0
2026-07-06,cattywampus,0,0
2026-07-06,caught in 4k,0,0
2026-07-06,choppelganger,0,0
2026-07-06,cooked,0,0
2026-07-06,crash out,0,0
2026-07-06,dandy,0,0
2026-07-06,dead soldier,0,0
2026-07-06,delulu,0,0
2026-07-06,drip,0,0
2026-07-06,dropping lore,0,0
2026-07-06,duck soup,0,0
2026-07-06,ends,0,0
2026-07-06,fanum tax,0,0
2026-07-06,flapper,0,0
2026-07-06,flummadiddle,0,0
2026-07-06,gassed,0,0
2026-07-06,ghosting,0,0
2026-07-06,giggle water,0,0
2026-07-06,gigglemug,0,0
2026-07-06,glad rags,0,0
2026-07-06,glazing,0,0
2026-07-06,got the morbs,0,0
2026-07-06,groovy,0,0
2026-07-06,gyatt,0,0
2026-07-06,hard pass,0,0
2026-07-06,hawkshaw,0,0
2026-07-06,hoosegow,0,0
2026-07-06,htn,0,0
2026-07-06,humbuggery,0,0
2026-07-06,huzz,0,0
2026-07-06,innit,0,0
2026-07-06,knackered,0,0
2026-07-06,lit,0,0
2026-07-06,lowkenuinely,0,0
2026-07-06,mandem,0,0
2026-07-06,mewing,0,0
2026-07-06,mogging,0,0
2026-07-06,mooncalf,0,0
2026-07-06,nanty narking,0,0
2026-07-06,peng,0,0
2026-07-06,phat,0,0
2026-07-06,quid,0,0
2026-07-06,ragebait,0,0
2026-07-06,rapscallion,0,0
2026-07-06,rich in life,0,0
2026-07-06,rizz,0,0
2026-07-06,salty,0,0
2026-07-06,serving,0,0
2026-07-06,shackbaggerly,0,0
2026-07-06,side-eye,0,0
2026-07-06,sigma,0,0
2026-07-06,situationship,0,0
2026-07-06,skibidi,0,0
2026-07-06,skilamalink,0,0
2026-07-06,slang,0,0
2026-07-06,sus,0,0
2026-07-06,taradiddle,0,0
2026-07-06,the ick,0,0
2026-07-06,touch grass,0,0
2026-07-06,uglyography,0,0
2026-07-06,unc,0,0
2026-07-06,wagwan,0,0
2026-07-06,wisenheimer,0,0
2026-07-06,zang,0,0
2026-07-06,zounds,0,0
2026-07-07,404 coded,0,0
2026-07-07,6-7,0,0
2026-07-07,absquatulate,0,0
2026-07-07,afternoonified,0,0
2026-07-07,algo-speak,0,0
2026-07-07,ate,0,0
2026-07-07,aura,0,0
2026-07-07,aura farming,0,0
2026-07-07,based,0,0
2026-07-07,bed rotting,0,0
2026-07-07,bee's knees,0,0
2026-07-07,beige flag,0,0
2026-07-07,blotto,0,0
2026-07-07,bop,0,0
2026-07-07,brainrot,0,0
2026-07-07,cap,0,0
2026-07-07,cattywampus,0,0
2026-07-07,caught in 4k,0,0
2026-07-07,choppelganger,0,0
2026-07-07,cooked,0,0
2026-07-07,crash out,0,0
2026-07-07,dandy,0,0
2026-07-07,dead soldier,0,0
2026-07-07,delulu,0,0
2026-07-07,drip,0,0
2026-07-07,dropping lore,0,0
2026-07-07,duck soup,0,0
2026-07-07,ends,0,0
2026-07-07,fanum tax,0,0
2026-07-07,flapper,0,0
2026-07-07,flummadiddle,0,0
2026-07-07,gassed,0,0
2026-07-07,ghosting,0,0
2026-07-07,giggle water,0,0
2026-07-07,gigglemug,0,0
2026-07-07,glad rags,0,0
2026-07-07,glazing,0,0
2026-07-07,got the morbs,0,0
2026-07-07,groovy,0,0
2026-07-07,gyatt,0,0
2026-07-07,hard pass,0,0
2026-07-07,hawkshaw,0,0
2026-07-07,hoosegow,0,0
2026-07-07,htn,0,0
2026-07-07,humbuggery,0,0
2026-07-07,huzz,0,0
2026-07-07,innit,0,0
2026-07-07,knackered,0,0
2026-07-07,lit,0,0
2026-07-07,lowkenuinely,0,0
2026-07-07,mandem,0,0
2026-07-07,mewing,0,0
2026-07-07,mogging,0,0
2026-07-07,mooncalf,0,0
2026-07-07,nanty narking,0,0
2026-07-07,peng,0,0
2026-07-07,phat,0,0
2026-07-07,quid,0,0
2026-07-07,ragebait,0,0
2026-07-07,rapscallion,0,0
2026-07-07,rich in life,0,0
2026-07-07,rizz,0,0
2026-07-07,salty,0,0
2026-07-07,serving,0,0
2026-07-07,shackbaggerly,0,0
2026-07-07,side-eye,0,0
2026-07-07,sigma,0,0
2026-07-07,situationship,0,0
2026-07-07,skibidi,0,0
2026-07-07,skilamalink,0,0
2026-07-07,slang,0,0
2026-07-07,sus,0,0
2026-07-07,taradiddle,0,0
2026-07-07,the ick,0,0
2026-07-07,touch grass,0,0
2026-07-07,uglyography,0,0
2026-07-07,unc,0,0
2026-07-07,wagwan,0,0
2026-07-07,wisenheimer,0,0
2026-07-07,zang,0,0
2026-07-07,zounds,0,0
2026-07-08,404 coded,0,0
2026-07-08,6-7,0,0
2026-07-08,absquatulate,0,0
2026-07-08,afternoonified,0,0
2026-07-08,algo-speak,0,0
2026-07-08,ate,0,0
2026-07-08,aura,0,0
2026-07-08,aura farming,0,0
2026-07-08,based,0,0
2026-07-08,bed rotting,0,0
2026-07-08,bee's knees,0,0
2026-07-08,beige flag,0,0
2026-07-08,blotto,0,0
2026-07-08,bop,0,0
2026-07-08,brainrot,0,0
2026-07-08,cap,0,0
2026-07-08,cattywampus,0,0
2026-07-08,caught in 4k,0,0
2026-07-08,choppelganger,0,0
2026-07-08,cooked,0,0
2026-07-08,crash out,0,0
2026-07-08,dandy,0,0
2026-07-08,dead soldier,0,0
2026-07-08,delulu,0,0
2026-07-08,drip,0,0
2026-07-08,dropping lore,0,0
2026-07-08,duck soup,0,0
2026-07-08,ends,0,0
2026-07-08,fanum tax,0,0
2026-07-08,flapper,0,0
2026-07-08,flummadiddle,0,0
2026-07-08,gassed,0,0
2026-07-08,ghosting,0,0
2026-07-08,giggle water,0,0
2026-07-08,gigglemug,0,0
2026-07-08,glad rags,0,0
2026-07-08,glazing,0,0
2026-07-08,got the morbs,0,0
2026-07-08,groovy,0,0
2026-07-08,gyatt,0,0
2026-07-08,hard pass,0,0
2026-07-08,hawkshaw,0,0
2026-07-08,hoosegow,0,0
2026-07-08,htn,0,0
2026-07-08,humbuggery,0,0
2026-07-08,huzz,0,0
2026-07-08,innit,0,0
2026-07-08,knackered,0,0
2026-07-08,lit,0,0
2026-07-08,lowkenuinely,0,0
2026-07-08,mandem,0,0
2026-07-08,mewing,0,0
2026-07-08,mogging,0,0
2026-07-08,mooncalf,0,0
2026-07-08,nanty narking,0,0
2026-07-08,peng,0,0
2026-07-08,phat,0,0
2026-07-08,quid,0,0
2026-07-08,ragebait,0,0
2026-07-08,rapscallion,0,0
2026-07-08,rich in life,0,0
2026-07-08,rizz,0,0
2026-07-08,salty,0,0
2026-07-08,serving,0,0
2026-07-08,shackbaggerly,0,0
2026-07-08,side-eye,0,0
2026-07-08,sigma,0,0
2026-07-08,situationship,0,0
2026-07-08,skibidi,0,0
2026-07-08,skilamalink,0,0
2026-07-08,slang,0,0
2026-07-08,sus,0,0
2026-07-08,taradiddle,0,0
2026-07-08,the ick,0,0
2026-07-08,touch grass,0,0
2026-07-08,uglyography,0,0
2026-07-08,unc,0,0
2026-07-08,wagwan,0,0
2026-07-08,wisenheimer,0,0
2026-07-08,zang,0,0
2026-07-08,zounds,0,0
2026-07-09,404 coded,0,0
2026-07-09,6-7,0,0
2026-07-09,absquatulate,0,0
2026-07-09,afternoonified,0,0
2026-07-09,algo-speak,0,0
2026-07-09,ate,0,0
2026-07-09,aura,0,0
2026-07-09,aura farming,0,0
2026-07-09,based,0,0
2026-07-09,bed rotting,0,0
2026-07-09,bee's knees,0,0
2026-07-09,beige flag,0,0
2026-07-09,blotto,0,0
2026-07-09,bop,0,0
2026-07-09,brainrot,0,0
2026-07-09,cap,0,0
2026-07-09,cattywampus,0,0
2026-07-09,caught in 4k,0,0
2026-07-09,choppelganger,0,0
2026-07-09,cooked,0,0
2026-07-09,crash out,0,0
2026-07-09,dandy,0,0
2026-07-09,dead soldier,0,0
2026-07-09,delulu,0,0
2026-07-09,drip,0,0
2026-07-09,dropping lore,0,0
2026-07-09,duck soup,0,0
2026-07-09,ends,0,0
2026-07-09,fanum tax,0,0
2026-07-09,flapper,0,0
2026-07-09,flummadiddle,0,0
2026-07-09,gassed,0,0
2026-07-09,ghosting,0,0
2026-07-09,giggle water,0,0
2026-07-09,gigglemug,0,0
2026-07-09,glad rags,0,0
2026-07-09,glazing,0,0
2026-07-09,got the morbs,0,0
2026-07-09,groovy,0,0
2026-07-09,gyatt,0,0
2026-07-09,hard pass,0,0
2026-07-09,hawkshaw,0,0
2026-07-09,hoosegow,0,0
2026-07-09,htn,0,0
2026-07-09,humbuggery,0,0
2026-07-09,huzz,0,0
2026-07-09,innit,0,0
2026-07-09,knackered,0,0
2026-07-09,lit,0,0
2026-07-09,lowkenuinely,0,0
2026-07-09,mandem,0,0
2026-07-09,mewing,0,0
2026-07-09,mogging,0,0
2026-07-09,mooncalf,0,0
2026-07-09,nanty narking,0,0
2026-07-09,peng,0,0
2026-07-09,phat,0,0
2026-07-09,quid,0,0
2026-07-09,ragebait,0,0
2026-07-09,rapscallion,0,0
2026-07-09,rich in life,0,0
2026-07-09,rizz,0,0
2026-07-09,salty,0,0
2026-07-09,serving,0,0
2026-07-09,shackbaggerly,0,0
2026-07-09,side-eye,0,0
2026-07-09,sigma,0,0
2026-07-09,situationship,0,0
2026-07-09,skibidi,0,0
2026-07-09,skilamalink,0,0
2026-07-09,slang,0,0
2026-07-09,sus,0,0
2026-07-09,taradiddle,0,0
2026-07-09,the ick,0,0
2026-07-09,touch grass,0,0
2026-07-09,uglyography,0,0
2026-07-09,unc,0,0
2026-07-09,wagwan,0,0
2026-07-09,wisenheimer,0,0
2026-07-09,zang,0,0
2026-07-09,zounds,0,0
2026-07-10,404 coded,0,0
2026-07-10,6-7,0,0
2026-07-10,absquatulate,0,0
2026-07-10,afternoonified,0,0
2026-07-10,algo-speak,0,0
2026-07-10,ate,0,0
2026-07-10,aura,0,0
2026-07-10,aura farming,0,0
2026-07-10,based,0,0
2026-07-10,bed rotting,0,0
2026-07-10,bee's knees,0,0
2026-07-10,beige flag,0,0
2026-07-10,blotto,0,0
2026-07-10,bop,0,0
2026-07-10,brainrot,0,0
2026-07-10,cap,0,0
2026-07-10,cattywampus,0,0
2026-07-10,caught in 4k,0,0
2026-07-10,choppelganger,0,0
2026-07-10,cooked,0,0
2026-07-10,crash out,0,0
2026-07-10,dandy,0,0
2026-07-10,dead soldier,0,0
2026-07-10,delulu,0,0
2026-07-10,drip,0,0
2026-07-10,dropping lore,0,0
2026-07-10,duck soup,0,0
2026-07-10,ends,0,0
2026-07-10,fanum tax,0,0
2026-07-10,flapper,0,0
2026-07-10,flummadiddle,0,0
2026-07-10,gassed,0,0
2026-07-10,ghosting,0,0
2026-07-10,giggle water,0,0
2026-07-10,gigglemug,0,0
2026-07-10,glad rags,0,0
2026-07-10,glazing,0,0
2026-07-10,got the morbs,0,0
2026-07-10,groovy,0,0
2026-07-10,gyatt,0,0
2026-07-10,hard pass,0,0
2026-07-10,hawkshaw,0,0
2026-07-10,hoosegow,0,0
2026-07-10,htn,0,0
2026-07-10,humbuggery,0,0
2026-07-10,huzz,0,0
2026-07-10,innit,0,0
2026-07-10,knackered,0,0
2026-07-10,lit,0,0
2026-07-10,lowkenuinely,0,0
2026-07-10,mandem,0,0
2026-07-10,mewing,0,0
2026-07-10,mogging,0,0
2026-07-10,mooncalf,0,0
2026-07-10,nanty narking,0,0
2026-07-10,peng,0,0
2026-07-10,phat,0,0
2026-07-10,quid,0,0
2026-07-10,ragebait,0,0
2026-07-10,rapscallion,0,0
2026-07-10,rich in life,0,0
2026-07-10,rizz,0,0
2026-07-10,salty,0,0
2026-07-10,serving,0,0
2026-07-10,shackbaggerly,0,0
2026-07-10,side-eye,0,0
2026-07-10,sigma,0,0
2026-07-10,situationship,0,0
2026-07-10,skibidi,0,0
2026-07-10,skilamalink,0,0
2026-07-10,slang,0,0
2026-07-10,sus,0,0
2026-07-10,taradiddle,0,0
2026-07-10,the ick,0,0
2026-07-10,touch grass,0,0
2026-07-10,uglyography,0,0
2026-07-10,unc,0,0
2026-07-10,wagwan,0,0
2026-07-10,wisenheimer,0,0
2026-07-10,zang,0,0
2026-07-10,zounds,0,0
2026-07-11,404 coded,0,0
2026-07-11,6-7,0,0
2026-07-11,absquatulate,0,0
2026-07-11,afternoonified,0,0
2026-07-11,algo-speak,0,0
2026-07-11,ate,0,0
2026-07-11,aura,0,0
2026-07-11,aura farming,0,0
2026-07-11,based,0,0
2026-07-11,bed rotting,0,0
2026-07-11,bee's knees,0,0
2026-07-11,beige flag,0,0
2026-07-11,blotto,0,0
2026-07-11,bop,0,0
2026-07-11,brainrot,0,0
2026-07-11,cap,0,0
2026-07-11,cattywampus,0,0
2026-07-11,caught in 4k,0,0
2026-07-11,choppelganger,0,0
2026-07-11,cooked,0,0
2026-07-11,crash out,0,0
2026-07-11,dandy,0,0
2026-07-11,dead soldier,0,0
2026-07-11,delulu,0,0
2026-07-11,drip,0,0
2026-07-11,dropping lore,0,0
2026-07-11,duck soup,0,0
2026-07-11,ends,0,0
2026-07-11,fanum tax,0,0
2026-07-11,flapper,0,0
2026-07-11,flummadiddle,0,0
2026-07-11,gassed,0,0
2026-07-11,ghosting,0,0
2026-07-11,giggle water,0,0
2026-07-11,gigglemug,0,0
2026-07-11,glad rags,0,0
2026-07-11,glazing,0,0
2026-07-11,got the morbs,0,0
2026-07-11,groovy,0,0
2026-07-11,gyatt,0,0
2026-07-11,hard pass,0,0
2026-07-11,hawkshaw,0,0
2026-07-11,hoosegow,0,0
2026-07-11,htn,0,0
2026-07-11,humbuggery,0,0
2026-07-11,huzz,0,0
2026-07-11,innit,0,0
2026-07-11,knackered,0,0
2026-07-11,lit,0,0
2026-07-11,lowkenuinely,0,0
2026-07-11,mandem,0,0
2026-07-11,mewing,0,0
2026-07-11,mogging,0,0
2026-07-11,mooncalf,0,0
2026-07-11,nanty narking,0,0
2026-07-11,peng,0,0
2026-07-11,phat,0,0
2026-07-11,quid,0,0
2026-07-11,ragebait,0,0
2026-07-11,rapscallion,0,0
2026-07-11,rich in life,0,0
2026-07-11,rizz,0,0
2026-07-11,salty,0,0
2026-07-11,serving,0,0
2026-07-11,shackbaggerly,0,0
2026-07-11,side-eye,0,0
2026-07-11,sigma,0,0
2026-07-11,situationship,0,0
2026-07-11,skibidi,0,0
2026-07-11,skilamalink,0,0
2026-07-11,slang,0,0
2026-07-11,sus,0,0
2026-07-11,taradiddle,0,0
2026-07-11,the ick,0,0
2026-07-11,touch grass,0,0
2026-07-11,uglyography,0,0
2026-07-11,unc,0,0
2026-07-11,wagwan,0,0
2026-07-11,wisenheimer,0,0
2026-07-11,zang,0,0
2026-07-11,zounds,0,0
2026-07-12,404 coded,0,0
2026-07-12,6-7,0,0
2026-07-12,absquatulate,0,0
2026-07-12,afternoonified,0,0
2026-07-12,algo-speak,0,0
2026-07-12,ate,0,0
2026-07-12,aura,0,0
2026-07-12,aura farming,0,0
2026-07-12,based,0,0
2026-07-12,bed rotting,0,0
2026-07-12,bee's knees,0,0
2026-07-12,beige flag,0,0
2026-07-12,blotto,0,0
2026-07-12,bop,0,0
2026-07-12,brainrot,0,0
2026-07-12,cap,0,0
2026-07-12,cattywampus,0,0
2026-07-12,caught in 4k,0,0
2026-07-12,choppelganger,0,0
2026-07-12,cooked,0,0
2026-07-12,crash out,0,0
2026-07-12,dandy,0,0
2026-07-12,dead soldier,0,0
2026-07-12,delulu,0,0
2026-07-12,drip,0,0
2026-07-12,dropping lore,0,0
2026-07-12,duck soup,0,0
2026-07-12,ends,0,0
2026-07-12,fanum tax,0,0
2026-07-12,flapper,0,0
2026-07-12,flummadiddle,0,0
2026-07-12,gassed,0,0
2026-07-12,ghosting,0,0
2026-07-12,giggle water,0,0
2026-07-12,gigglemug,0,0
2026-07-12,glad rags,0,0
2026-07-12,glazing,0,0
2026-07-12,got the morbs,0,0
2026-07-12,groovy,0,0
2026-07-12,gyatt,0,0
2026-07-12,hard pass,0,0
2026-07-12,hawkshaw,0,0
2026-07-12,hoosegow,0,0
2026-07-12,htn,0,0
2026-07-12,humbuggery,0,0
2026-07-12,huzz,0,0
2026-07-12,innit,0,0
2026-07-12,knackered,0,0
2026-07-12,lit,0,0
2026-07-12,lowkenuinely,0,0
2026-07-12,mandem,0,0
2026-07-12,mewing,0,0
2026-07-12,mogging,0,0
2026-07-12,mooncalf,0,0
2026-07-12,nanty narking,0,0
2026-07-12,peng,0,0
2026-07-12,phat,0,0
2026-07-12,quid,0,0
2026-07-12,ragebait,0,0
2026-07-12,rapscallion,0,0
2026-07-12,rich in life,0,0
2026-07-12,rizz,0,0
2026-07-12,salty,0,0
2026-07-12,serving,0,0
2026-07-12,shackbaggerly,0,0
2026-07-12,side-eye,0,0
2026-07-12,sigma,0,0
2026-07-12,situationship,0,0
2026-07-12,skibidi,0,0
2026-07-12,skilamalink,0,0
2026-07-12,slang,0,0
2026-07-12,sus,0,0
2026-07-12,taradiddle,0,0
2026-07-12,the ick,0,0
2026-07-12,touch grass,0,0
2026-07-12,uglyography,0,0
2026-07-12,unc,0,0
2026-07-12,wagwan,0,0
2026-07-12,wisenheimer,0,0
2026-07-12,zang,0,0
2026-07-12,zounds,0,0
2026-07-13,404 coded,0,0
2026-07-13,6-7,0,0
2026-07-13,absquatulate,0,0
2026-07-13,afternoonified,0,0
2026-07-13,algo-speak,0,0
2026-07-13,ate,0,0
2026-07-13,aura,0,0
2026-07-13,aura farming,0,0
2026-07-13,based,0,0
2026-07-13,bed rotting,0,0
2026-07-13,bee's knees,0,0
2026-07-13,beige flag,0,0
2026-07-13,blotto,0,0
2026-07-13,bop,0,0
2026-07-13,brainrot,0,0
2026-07-13,cap,0,0
2026-07-13,cattywampus,0,0
2026-07-13,caught in 4k,0,0
2026-07-13,choppelganger,0,0
2026-07-13,cooked,0,0
2026-07-13,crash out,0,0
2026-07-13,dandy,0,0
2026-07-13,dead soldier,0,0
2026-07-13,delulu,0,0
2026-07-13,drip,0,0
2026-07-13,dropping lore,0,0
2026-07-13,duck soup,0,0
2026-07-13,ends,0,0
2026-07-13,fanum tax,0,0
2026-07-13,flapper,0,0
2026-07-13,flummadiddle,0,0
2026-07-13,gassed,0,0
2026-07-13,ghosting,0,0
2026-07-13,giggle water,0,0
2026-07-13,gigglemug,0,0
2026-07-13,glad rags,0,0
2026-07-13,glazing,0,0
2026-07-13,got the morbs,0,0
2026-07-13,groovy,0,0
2026-07-13,gyatt,0,0
2026-07-13,hard pass,0,0
2026-07-13,hawkshaw,0,0
2026-07-13,hoosegow,0,0
2026-07-13,htn,0,0
2026-07-13,humbuggery,0,0
2026-07-13,huzz,0,0
2026-07-13,innit,0,0
2026-07-13,knackered,0,0
2026-07-13,lit,0,0
2026-07-13,lowkenuinely,0,0
2026-07-13,mandem,0,0
2026-07-13,mewing,0,0
2026-07-13,mogging,0,0
2026-07-13,mooncalf,0,0
2026-07-13,nanty narking,0,0
2026-07-13,peng,0,0
2026-07-13,phat,0,0
2026-07-13,quid,0,0
2026-07-13,ragebait,0,0
2026-07-13,rapscallion,0,0
2026-07-13,rich in life,0,0
2026-07-13,rizz,0,0
2026-07-13,salty,0,0
2026-07-13,serving,0,0
2026-07-13,shackbaggerly,0,0
2026-07-13,side-eye,0,0
2026-07-13,sigma,0,0
2026-07-13,situationship,0,0
2026-07-13,skibidi,0,0
2026-07-13,skilamalink,0,0
2026-07-13,slang,0,0
2026-07-13,sus,0,0
2026-07-13,taradiddle,0,0
2026-07-13,the ick,0,0
2026-07-13,touch grass,0,0
2026-07-13,uglyography,0,0
2026-07-13,unc,0,0
2026-07-13,wagwan,0,0
2026-07-13,wisenheimer,0,0
2026-07-13,zang,0,0
2026-07-13,zounds,0,0
2026-07-14,404 coded,0,0
2026-07-14,6-7,0,0
2026-07-14,absquatulate,0,0
2026-07-14,afternoonified,0,0
2026-07-14,algo-speak,0,0
2026-07-14,ate,0,0
2026-07-14,aura,0,0
2026-07-14,aura farming,0,0
2026-07-14,based,0,0
2026-07-14,bed rotting,0,0
2026-07-14,bee's knees,0,0
2026-07-14,beige flag,0,0
2026-07-14,blotto,0,0
2026-07-14,bop,0,0
2026-07-14,brainrot,0,0
2026-07-14,cap,0,0
2026-07-14,cattywampus,0,0
2026-07-14,caught in 4k,0,0
2026-07-14,choppelganger,0,0
2026-07-14,cooked,0,0
2026-07-14,crash out,0,0
2026-07-14,dandy,0,0
2026-07-14,dead soldier,0,0
2026-07-14,delulu,0,0
2026-07-14,drip,0,0
2026-07-14,dropping lore,0,0
2026-07-14,duck soup,0,0
2026-07-14,ends,0,0
2026-07-14,fanum tax,0,0
2026-07-14,flapper,0,0
2026-07-14,flummadiddle,0,0
2026-07-14,gassed,0,0
2026-07-14,ghosting,0,0
2026-07-14,giggle water,0,0
2026-07-14,gigglemug,0,0
2026-07-14,glad rags,0,0
2026-07-14,glazing,0,0
2026-07-14,got the morbs,0,0
2026-07-14,groovy,0,0
2026-07-14,gyatt,0,0
2026-07-14,hard pass,0,0
2026-07-14,hawkshaw,0,0
2026-07-14,hoosegow,0,0
2026-07-14,htn,0,0
2026-07-14,humbuggery,0,0
2026-07-14,huzz,0,0
2026-07-14,innit,0,0
2026-07-14,knackered,0,0
2026-07-14,lit,0,0
2026-07-14,lowkenuinely,0,0
2026-07-14,mandem,0,0
2026-07-14,mewing,0,0
2026-07-14,mogging,0,0
2026-07-14,mooncalf,0,0
2026-07-14,nanty narking,0,0
2026-07-14,peng,0,0
2026-07-14,phat,0,0
2026-07-14,quid,0,0
2026-07-14,ragebait,0,0
2026-07-14,rapscallion,0,0
2026-07-14,rich in life,0,0
2026-07-14,rizz,0,0
2026-07-14,salty,0,0
2026-07-14,serving,0,0
2026-07-14,shackbaggerly,0,0
2026-07-14,side-eye,0,0
2026-07-14,sigma,0,0
2026-07-14,situationship,0,0
2026-07-14,skibidi,0,0
2026-07-14,skilamalink,0,0
2026-07-14,slang,0,0
2026-07-14,sus,0,0
2026-07-14,taradiddle,0,0
2026-07-14,the ick,0,0
2026-07-14,touch grass,0,0
2026-07-14,uglyography,0,0
2026-07-14,unc,0,0
2026-07-14,wagwan,0,0
2026-07-14,wisenheimer,0,0
2026-07-14,zang,0,0
2026-07-14,zounds,0,0
2026-07-15,404 coded,0,0
2026-07-15,6-7,0,0
2026-07-15,absquatulate,0,0
2026-07-15,afternoonified,0,0
2026-07-15,algo-speak,0,0
2026-07-15,ate,0,0
2026-07-15,aura,0,0
2026-07-15,aura farming,0,0
2026-07-15,based,0,0
2026-07-15,bed rotting,0,0
2026-07-15,bee's knees,0,0
2026-07-15,beige flag,0,0
2026-07-15,blotto,0,0
2026-07-15,bop,0,0
2026-07-15,brainrot,0,0
2026-07-15,cap,0,0
2026-07-15,cattywampus,0,0
2026-07-15,caught in 4k,0,0
2026-07-15,choppelganger,0,0
2026-07-15,cooked,0,0
2026-07-15,crash out,0,0
2026-07-15,dandy,0,0
2026-07-15,dead soldier,0,0
2026-07-15,delulu,0,0
2026-07-15,drip,0,0
2026-07-15,dropping lore,0,0
2026-07-15,duck soup,0,0
2026-07-15,ends,0,0
2026-07-15,fanum tax,0,0
2026-07-15,flapper,0,0
2026-07-15,flummadiddle,0,0
2026-07-15,gassed,0,0
2026-07-15,ghosting,0,0
2026-07-15,giggle water,0,0
2026-07-15,gigglemug,0,0
2026-07-15,glad rags,0,0
2026-07-15,glazing,0,0
2026-07-15,got the morbs,0,0
2026-07-15,groovy,0,0
2026-07-15,gyatt,0,0
2026-07-15,hard pass,0,0
2026-07-15,hawkshaw,0,0
2026-07-15,hoosegow,0,0
2026-07-15,htn,0,0
2026-07-15,humbuggery,0,0
2026-07-15,huzz,0,0
2026-07-15,innit,0,0
2026-07-15,knackered,0,0
2026-07-15,lit,0,0
2026-07-15,lowkenuinely,0,0
2026-07-15,mandem,0,0
2026-07-15,mewing,0,0
2026-07-15,mogging,0,0
2026-07-15,mooncalf,0,0
2026-07-15,nanty narking,0,0
2026-07-15,peng,0,0
2026-07-15,phat,0,0
2026-07-15,quid,0,0
2026-07-15,ragebait,0,0
2026-07-15,rapscallion,0,0
2026-07-15,rich in life,0,0
2026-07-15,rizz,0,0
2026-07-15,salty,0,0
2026-07-15,serving,0,0
2026-07-15,shackbaggerly,0,0
2026-07-15,side-eye,0,0
2026-07-15,sigma,0,0
2026-07-15,situationship,0,0
2026-07-15,skibidi,0,0
2026-07-15,skilamalink,0,0
2026-07-15,slang,0,0
2026-07-15,sus,0,0
2026-07-15,taradiddle,0,0
2026-07-15,the ick,0,0
2026-07-15,touch grass,0,0
2026-07-15,uglyography,0,0
2026-07-15,unc,0,0
2026-07-15,wagwan,0,0
2026-07-15,wisenheimer,0,0
2026-07-15,zang,0,0
2026-07-15,zounds,0,0
2026-07-16,404 coded,0,0
2026-07-16,6-7,0,0
2026-07-16,absquatulate,0,0
2026-07-16,afternoonified,0,0
2026-07-16,algo-speak,0,0
2026-07-16,ate,0,0
2026-07-16,aura,0,0
2026-07-16,aura farming,0,0
2026-07-16,based,0,0
2026-07-16,bed rotting,0,0
2026-07-16,bee's knees,0,0
2026-07-16,beige flag,0,0
2026-07-16,blotto,0,0
2026-07-16,bop,0,0
2026-07-16,brainrot,0,0
2026-07-16,cap,0,0
2026-07-16,cattywampus,0,0
2026-07-16,caught in 4k,0,0
2026-07-16,choppelganger,0,0
2026-07-16,cooked,0,0
2026-07-16,crash out,0,0
2026-07-16,dandy,0,0
2026-07-16,dead soldier,0,0
2026-07-16,delulu,0,0
2026-07-16,drip,0,0
2026-07-16,dropping lore,0,0
2026-07-16,duck soup,0,0
2026-07-16,ends,0,0
2026-07-16,fanum tax,0,0
2026-07-16,flapper,0,0
2026-07-16,flummadiddle,0,0
2026-07-16,gassed,0,0
2026-07-16,ghosting,0,0
2026-07-16,giggle water,0,0
2026-07-16,gigglemug,0,0
2026-07-16,glad rags,0,0
2026-07-16,glazing,0,0
2026-07-16,got the morbs,0,0
2026-07-16,groovy,0,0
2026-07-16,gyatt,0,0
2026-07-16,hard pass,0,0
2026-07-16,hawkshaw,0,0
2026-07-16,hoosegow,0,0
2026-07-16,htn,0,0
2026-07-16,humbuggery,0,0
2026-07-16,huzz,0,0
2026-07-16,innit,0,0
2026-07-16,knackered,0,0
2026-07-16,lit,0,0
2026-07-16,lowkenuinely,0,0
2026-07-16,mandem,0,0
2026-07-16,mewing,0,0
2026-07-16,mogging,0,0
2026-07-16,mooncalf,0,0
2026-07-16,nanty narking,0,0
2026-07-16,peng,0,0
2026-07-16,phat,0,0
2026-07-16,quid,0,0
2026-07-16,ragebait,0,0
2026-07-16,rapscallion,0,0
2026-07-16,rich in life,0,0
2026-07-16,rizz,0,0
2026-07-16,salty,0,0
2026-07-16,serving,0,0
2026-07-16,shackbaggerly,0,0
2026-07-16,side-eye,0,0
2026-07-16,sigma,0,0
2026-07-16,situationship,0,0
2026-07-16,skibidi,0,0
2026-07-16,skilamalink,0,0
2026-07-16,slang,0,0
2026-07-16,sus,0,0
2026-07-16,taradiddle,0,0
2026-07-16,the ick,0,0
2026-07-16,touch grass,0,0
2026-07-16,uglyography,0,0
2026-07-16,unc,0,0
2026-07-16,wagwan,0,0
2026-07-16,wisenheimer,0,0
2026-07-16,zang,0,0
2026-07-16,zounds,0,0
2026-07-17,404 coded,0,0
2026-07-17,6-7,0,0
2026-07-17,absquatulate,0,0
2026-07-17,afternoonified,0,0
2026-07-17,algo-speak,0,0
2026-07-17,ate,0,0
2026-07-17,aura,0,0
2026-07-17,aura farming,0,0
2026-07-17,based,0,0
2026-07-17,bed rotting,0,0
2026-07-17,bee's knees,0,0
2026-07-17,beige flag,0,0
2026-07-17,blotto,0,0
2026-07-17,bop,0,0
2026-07-17,brainrot,0,0
2026-07-17,cap,0,0
2026-07-17,cattywampus,0,0
2026-07-17,caught in 4k,0,0
2026-07-17,choppelganger,0,0
2026-07-17,cooked,0,0
2026-07-17,crash out,0,0
2026-07-17,dandy,0,0
2026-07-17,dead soldier,0,0
2026-07-17,delulu,0,0
2026-07-17,drip,0,0
2026-07-17,dropping lore,0,0
2026-07-17,duck soup,0,0
2026-07-17,ends,0,0
2026-07-17,fanum tax,0,0
2026-07-17,flapper,0,0
2026-07-17,flummadiddle,0,0
2026-07-17,gassed,0,0
2026-07-17,ghosting,0,0
2026-07-17,giggle water,0,0
2026-07-17,gigglemug,0,0
2026-07-17,glad rags,0,0
2026-07-17,glazing,0,0
2026-07-17,got the morbs,0,0
2026-07-17,groovy,0,0
2026-07-17,gyatt,0,0
2026-07-17,hard pass,0,0
2026-07-17,hawkshaw,0,0
2026-07-17,hoosegow,0,0
2026-07-17,htn,0,0
2026-07-17,humbuggery,0,0
2026-07-17,huzz,0,0
2026-07-17,innit,0,0
2026-07-17,knackered,0,0
2026-07-17,lit,0,0
2026-07-17,lowkenuinely,0,0
2026-07-17,mandem,0,0
2026-07-17,mewing,0,0
2026-07-17,mogging,0,0
2026-07-17,mooncalf,0,0
2026-07-17,nanty narking,0,0
2026-07-17,peng,0,0
2026-07-17,phat,0,0
2026-07-17,quid,0,0
2026-07-17,ragebait,0,0
2026-07-17,rapscallion,0,0
2026-07-17,rich in life,0,0
2026-07-17,rizz,0,0
2026-07-17,salty,0,0
2026-07-17,serving,0,0
2026-07-17,shackbaggerly,0,0
2026-07-17,side-eye,0,0
2026-07-17,sigma,0,0
2026-07-17,situationship,0,0
2026-07-17,skibidi,0,0
2026-07-17,skilamalink,0,0
2026-07-17,slang,0,0
2026-07-17,sus,0,0
2026-07-17,taradiddle,0,0
2026-07-17,the ick,0,0
2026-07-17,touch grass,0,0
2026-07-17,uglyography,0,0
2026-07-17,unc,0,0
2026-07-17,wagwan,0,0
2026-07-17,wisenheimer,0,0
2026-07-17,zang,0,0
2026-07-17,zounds,0,0
2026-07-18,404 coded,0,0
2026-07-18,6-7,0,0
2026-07-18,absquatulate,0,0
2026-07-18,afternoonified,0,0
2026-07-18,algo-speak,0,0
2026-07-18,ate,0,0
2026-07-18,aura,0,0
2026-07-18,aura farming,0,0
2026-07-18,based,0,0
2026-07-18,bed rotting,0,0
2026-07-18,bee's knees,0,0
2026-07-18,beige flag,0,0
2026-07-18,blotto,0,0
2026-07-18,bop,0,0
2026-07-18,brainrot,0,0
2026-07-18,cap,0,0
2026-07-18,cattywampus,0,0
2026-07-18,caught in 4k,0,0
2026-07-18,choppelganger,0,0
2026-07-18,cooked,0,0
2026-07-18,crash out,0,0
2026-07-18,dandy,0,0
2026-07-18,dead soldier,0,0
2026-07-18,delulu,0,0
2026-07-18,drip,0,0
2026-07-18,dropping lore,0,0
2026-07-18,duck soup,0,0
2026-07-18,ends,0,0
2026-07-18,fanum tax,0,0
2026-07-18,flapper,0,0
2026-07-18,flummadiddle,0,0
2026-07-18,gassed,0,0
2026-07-18,ghosting,0,0
2026-07-18,giggle water,0,0
2026-07-18,gigglemug,0,0
2026-07-18,glad rags,0,0
2026-07-18,glazing,0,0
2026-07-18,got the morbs,0,0
2026-07-18,groovy,0,0
2026-07-18,gyatt,0,0
2026-07-18,hard pass,0,0
2026-07-18,hawkshaw,0,0
2026-07-18,hoosegow,0,0
2026-07-18,htn,0,0
2026-07-18,humbuggery,0,0
2026-07-18,huzz,0,0
2026-07-18,innit,0,0
2026-07-18,knackered,0,0
2026-07-18,lit,0,0
2026-07-18,lowkenuinely,0,0
2026-07-18,mandem,0,0
2026-07-18,mewing,0,0
2026-07-18,mogging,0,0
2026-07-18,mooncalf,0,0
2026-07-18,nanty narking,0,0
2026-07-18,peng,0,0
2026-07-18,phat,0,0
2026-07-18,quid,0,0
2026-07-18,ragebait,0,0
2026-07-18,rapscallion,0,0
2026-07-18,rich in life,0,0
2026-07-18,rizz,0,0
2026-07-18,salty,0,0
2026-07-18,serving,0,0
2026-07-18,shackbaggerly,0,0
2026-07-18,side-eye,0,0
2026-07-18,sigma,0,0
2026-07-18,situationship,0,0
2026-07-18,skibidi,0,0
2026-07-18,skilamalink,0,0
2026-07-18,slang,0,0
2026-07-18,sus,0,0
2026-07-18,taradiddle,0,0
2026-07-18,the ick,0,0
2026-07-18,touch grass,0,0
2026-07-18,uglyography,0,0
2026-07-18,unc,0,0
2026-07-18,wagwan,0,0
2026-07-18,wisenheimer,0,0
2026-07-18,zang,0,0
2026-07-18,zounds,0,0
2026-07-19,404 coded,0,0
2026-07-19,6-7,0,0
2026-07-19,absquatulate,0,0
2026-07-19,afternoonified,0,0
2026-07-19,algo-speak,0,0
2026-07-19,ate,0,0
2026-07-19,aura,0,0
2026-07-19,aura farming,0,0
2026-07-19,based,0,0
2026-07-19,bed rotting,0,0
2026-07-19,bee's knees,0,0
2026-07-19,beige flag,0,0
2026-07-19,blotto,0,0
2026-07-19,bop,0,0
2026-07-19,brainrot,0,0
2026-07-19,cap,0,0
2026-07-19,cattywampus,0,0
2026-07-19,caught in 4k,0,0
2026-07-19,choppelganger,0,0
2026-07-19,cooked,0,0
2026-07-19,crash out,0,0
2026-07-19,dandy,0,0
2026-07-19,dead soldier,0,0
2026-07-19,delulu,0,0
2026-07-19,drip,0,0
2026-07-19,dropping lore,0,0
2026-07-19,duck soup,0,0
2026-07-19,ends,0,0
2026-07-19,fanum tax,0,0
2026-07-19,flapper,0,0
2026-07-19,flummadiddle,0,0
2026-07-19,gassed,0,0
2026-07-19,ghosting,0,0
2026-07-19,giggle water,0,0
2026-07-19,gigglemug,0,0
2026-07-19,glad rags,0,0
2026-07-19,glazing,0,0
2026-07-19,got the morbs,0,0
2026-07-19,groovy,0,0
2026-07-19,gyatt,0,0
2026-07-19,hard pass,0,0
2026-07-19,hawkshaw,0,0
2026-07-19,hoosegow,0,0
2026-07-19,htn,0,0
2026-07-19,humbuggery,0,0
2026-07-19,huzz,0,0
2026-07-19,innit,0,0
2026-07-19,knackered,0,0
2026-07-19,lit,0,0
2026-07-19,lowkenuinely,0,0
2026-07-19,mandem,0,0
2026-07-19,mewing,0,0
2026-07-19,mogging,0,0
2026-07-19,mooncalf,0,0
2026-07-19,nanty narking,0,0
2026-07-19,peng,0,0
2026-07-19,phat,0,0
2026-07-19,quid,0,0
2026-07-19,ragebait,0,0
2026-07-19,rapscallion,0,0
2026-07-19,rich in life,0,0
2026-07-19,rizz,0,0
2026-07-19,salty,0,0
2026-07-19,serving,0,0
2026-07-19,shackbaggerly,0,0
2026-07-19,side-eye,0,0
2026-07-19,sigma,0,0
2026-07-19,situationship,0,0
2026-07-19,skibidi,0,0
2026-07-19,skilamalink,0,0
2026-07-19,slang,0,0
2026-07-19,sus,0,0
2026-07-19,taradiddle,0,0
2026-07-19,the ick,0,0
2026-07-19,touch grass,0,0
2026-07-19,uglyography,0,0
2026-07-19,unc,0,0
2026-07-19,wagwan,0,0
2026-07-19,wisenheimer,0,0
2026-07-19,zang,0,0
2026-07-19,zounds,0,0
2026-07-20,404 coded,0,0
2026-07-20,6-7,0,0
2026-07-20,absquatulate,0,0
2026-07-20,afternoonified,0,0
2026-07-20,algo-speak,0,0
2026-07-20,ate,0,0
2026-07-20,aura,0,0
2026-07-20,aura farming,0,0
2026-07-20,based,0,0
2026-07-20,bed rotting,0,0
2026-07-20,bee's knees,0,0
2026-07-20,beige flag,0,0
2026-07-20,blotto,0,0
2026-07-20,bop,0,0
2026-07-20,brainrot,0,0
2026-07-20,cap,0,0
2026-07-20,cattywampus,0,0
2026-07-20,caught in 4k,0,0
2026-07-20,choppelganger,0,0
2026-07-20,cooked,0,0
2026-07-20,crash out,0,0
2026-07-20,dandy,0,0
2026-07-20,dead soldier,0,0
2026-07-20,delulu,0,0
2026-07-20,drip,0,0
2026-07-20,dropping lore,0,0
2026-07-20,duck soup,0,0
2026-07-20,ends,0,0
2026-07-20,fanum tax,0,0
2026-07-20,flapper,0,0
2026-07-20,flummadiddle,0,0
2026-07-20,gassed,0,0
2026-07-20,ghosting,0,0
2026-07-20,giggle water,0,0
2026-07-20,gigglemug,0,0
2026-07-20,glad rags,0,0
2026-07-20,glazing,0,0
2026-07-20,got the morbs,0,0
2026-07-20,groovy,0,0
2026-07-20,gyatt,0,0
2026-07-20,hard pass,0,0
2026-07-20,hawkshaw,0,0
2026-07-20,hoosegow,0,0
2026-07-20,htn,0,0
2026-07-20,humbuggery,0,0
2026-07-20,huzz,0,0
2026-07-20,innit,0,0
2026-07-20,knackered,0,0
2026-07-20,lit,0,0
2026-07-20,lowkenuinely,0,0
2026-07-20,mandem,0,0
2026-07-20,mewing,0,0
2026-07-20,mogging,0,0
2026-07-20,mooncalf,0,0
2026-07-20,nanty narking,0,0
2026-07-20,peng,0,0
2026-07-20,phat,0,0
2026-07-20,quid,0,0
2026-07-20,ragebait,0,0
2026-07-20,rapscallion,0,0
2026-07-20,rich in life,0,0
2026-07-20,rizz,0,0
2026-07-20,salty,0,0
2026-07-20,serving,0,0
2026-07-20,shackbaggerly,0,0
2026-07-20,side-eye,0,0
2026-07-20,sigma,0,0
2026-07-20,situationship,0,0
2026-07-20,skibidi,0,0
2026-07-20,skilamalink,0,0
2026-07-20,slang,0,0
2026-07-20,sus,0,0
2026-07-20,taradiddle,0,0
2026-07-20,the ick,0,0
2026-07-20,touch grass,0,0
2026-07-20,uglyography,0,0
2026-07-20,unc,0,0
2026-07-20,wagwan,0,0
2026-07-20,wisenheimer,0,0
2026-07-20,zang,0,0
2026-07-20,zounds,0,0
2026-07-21,404 coded,0,0
2026-07-21,6-7,0,0
2026-07-21,absquatulate,0,0
2026-07-21,afternoonified,0,0
2026-07-21,algo-speak,0,0
2026-07-21,ate,0,0
2026-07-21,aura,0,0
2026-07-21,aura farming,0,0
2026-07-21,based,0,0
2026-07-21,bed rotting,0,0
2026-07-21,bee's knees,0,0
2026-07-21,beige flag,0,0
2026-07-21,blotto,0,0
2026-07-21,bop,0,0
2026-07-21,brainrot,0,0
2026-07-21,cap,0,0
2026-07-21,cattywampus,0,0
2026-07-21,caught in 4k,0,0
2026-07-21,choppelganger,0,0
2026-07-21,cooked,0,0
2026-07-21,crash out,0,0
2026-07-21,dandy,0,0
2026-07-21,dead soldier,0,0
2026-07-21,delulu,0,0
2026-07-21,drip,0,0
2026-07-21,dropping lore,0,0
2026-07-21,duck soup,0,0
2026-07-21,ends,0,0
2026-07-21,fanum tax,0,0
2026-07-21,flapper,0,0
2026-07-21,flummadiddle,0,0
2026-07-21,gassed,0,0
2026-07-21,ghosting,0,0
2026-07-21,giggle water,0,0
2026-07-21,gigglemug,0,0
2026-07-21,glad rags,0,0
2026-07-21,glazing,0,0
2026-07-21,got the morbs,0,0
2026-07-21,groovy,0,0
2026-07-21,gyatt,0,0
2026-07-21,hard pass,0,0
2026-07-21,hawkshaw,0,0
2026-07-21,hoosegow,0,0
2026-07-21,htn,0,0
2026-07-21,humbuggery,0,0
2026-07-21,huzz,0,0
2026-07-21,innit,0,0
2026-07-21,knackered,0,0
2026-07-21,lit,0,0
2026-07-21,lowkenuinely,0,0
2026-07-21,mandem,0,0
2026-07-21,mewing,0,0
2026-07-21,mogging,0,0
2026-07-21,mooncalf,0,0
2026-07-21,nanty narking,0,0
2026-07-21,peng,0,0
2026-07-21,phat,0,0
2026-07-21,quid,0,0
2026-07-21,ragebait,0,0
2026-07-21,rapscallion,0,0
2026-07-21,rich in life,0,0
2026-07-21,rizz,0,0
2026-07-21,salty,0,0
2026-07-21,serving,0,0
2026-07-21,shackbaggerly,0,0
2026-07-21,side-eye,0,0
2026-07-21,sigma,0,0
2026-07-21,situationship,0,0
2026-07-21,skibidi,0,0
2026-07-21,skilamalink,0,0
2026-07-21,slang,0,0
2026-07-21,sus,0,0
2026-07-21,taradiddle,0,0
2026-07-21,the ick,0,0
2026-07-21,touch grass,0,0
2026-07-21,uglyography,0,0
2026-07-21,unc,0,0
2026-07-21,wagwan,0,0
2026-07-21,wisenheimer,0,0
2026-07-21,zang,0,0
2026-07-21,zounds,0,0
2026-07-22,404 coded,0,0
2026-07-22,6-7,0,0
2026-07-22,absquatulate,0,0
2026-07-22,afternoonified,0,0
2026-07-22,algo-speak,0,0
2026-07-22,ate,0,0
2026-07-22,aura,0,0
2026-07-22,aura farming,0,0
2026-07-22,based,0,0
2026-07-22,bed rotting,0,0
2026-07-22,bee's knees,0,0
2026-07-22,beige flag,0,0
2026-07-22,blotto,0,0
2026-07-22,bop,0,0
2026-07-22,brainrot,0,0
2026-07-22,cap,0,0
2026-07-22,cattywampus,0,0
2026-07-22,caught in 4k,0,0
2026-07-22,choppelganger,0,0
2026-07-22,cooked,0,0
2026-07-22,crash out,0,0
2026-07-22,dandy,0,0
2026-07-22,dead soldier,0,0
2026-07-22,delulu,0,0
2026-07-22,drip,0,0
2026-07-22,dropping lore,0,0
2026-07-22,duck soup,0,0
2026-07-22,ends,0,0
2026-07-22,fanum tax,0,0
2026-07-22,flapper,0,0
2026-07-22,flummadiddle,0,0
2026-07-22,gassed,0,0
2026-07-22,ghosting,0,0
2026-07-22,giggle water,0,0
2026-07-22,gigglemug,0,0
2026-07-22,glad rags,0,0
2026-07-22,glazing,0,0
2026-07-22,got the morbs,0,0
2026-07-22,groovy,0,0
2026-07-22,gyatt,0,0
2026-07-22,hard pass,0,0
2026-07-22,hawkshaw,0,0
2026-07-22,hoosegow,0,0
2026-07-22,htn,0,0
2026-07-22,humbuggery,0,0
2026-07-22,huzz,0,0
2026-07-22,innit,0,0
2026-07-22,knackered,0,0
2026-07-22,lit,0,0
2026-07-22,lowkenuinely,0,0
2026-07-22,mandem,0,0
2026-07-22,mewing,0,0
2026-07-22,mogging,0,0
2026-07-22,mooncalf,0,0
2026-07-22,nanty narking,0,0
2026-07-22,peng,0,0
2026-07-22,phat,0,0
2026-07-22,quid,0,0
2026-07-22,ragebait,0,0
2026-07-22,rapscallion,0,0
2026-07-22,rich in life,0,0
2026-07-22,rizz,0,0
2026-07-22,salty,0,0
2026-07-22,serving,0,0
2026-07-22,shackbaggerly,0,0
2026-07-22,side-eye,0,0
2026-07-22,sigma,0,0
2026-07-22,situationship,0,0
2026-07-22,skibidi,0,0
2026-07-22,skilamalink,0,0
2026-07-22,slang,0,0
2026-07-22,sus,0,0
2026-07-22,taradiddle,0,0
2026-07-22,the ick,0,0
2026-07-22,touch grass,0,0
2026-07-22,uglyography,0,0
2026-07-22,unc,0,0
2026-07-22,wagwan,0,0
2026-07-22,wisenheimer,0,0
2026-07-22,zang,0,0
2026-07-22,zounds,0,0
2026-07-23,404 coded,0,0
2026-07-23,6-7,0,0
2026-07-23,absquatulate,0,0
2026-07-23,afternoonified,0,0
2026-07-23,algo-speak,0,0
2026-07-23,ate,0,0
2026-07-23,aura,0,0
2026-07-23,aura farming,0,0
2026-07-23,based,0,0
2026-07-23,bed rotting,0,0
2026-07-23,bee's knees,0,0
2026-07-23,beige flag,0,0
2026-07-23,blotto,0,0
2026-07-23,bop,0,0
2026-07-23,brainrot,0,0
2026-07-23,cap,0,0
2026-07-23,cattywampus,0,0
2026-07-23,caught in 4k,0,0
2026-07-23,choppelganger,0,0
2026-07-23,cooked,0,0
2026-07-23,crash out,0,0
2026-07-23,dandy,0,0
2026-07-23,dead soldier,0,0
2026-07-23,delulu,0,0
2026-07-23,drip,0,0
2026-07-23,dropping lore,0,0
2026-07-23,duck soup,0,0
2026-07-23,ends,0,0
2026-07-23,fanum tax,0,0
2026-07-23,flapper,0,0
2026-07-23,flummadiddle,0,0
2026-07-23,gassed,0,0
2026-07-23,ghosting,0,0
2026-07-23,giggle water,0,0
2026-07-23,gigglemug,0,0
2026-07-23,glad rags,0,0
2026-07-23,glazing,0,0
2026-07-23,got the morbs,0,0
2026-07-23,groovy,0,0
2026-07-23,gyatt,0,0
2026-07-23,hard pass,0,0
2026-07-23,hawkshaw,0,0
2026-07-23,hoosegow,0,0
2026-07-23,htn,0,0
2026-07-23,humbuggery,0,0
2026-07-23,huzz,0,0
2026-07-23,innit,0,0
2026-07-23,knackered,0,0
2026-07-23,lit,0,0
2026-07-23,lowkenuinely,0,0
2026-07-23,mandem,0,0
2026-07-23,mewing,0,0
2026-07-23,mogging,0,0
2026-07-23,mooncalf,0,0
2026-07-23,nanty narking,0,0
2026-07-23,peng,0,0
2026-07-23,phat,0,0
2026-07-23,quid,0,0
2026-07-23,ragebait,0,0
2026-07-23,rapscallion,0,0
2026-07-23,rich in life,0,0
2026-07-23,rizz,0,0
2026-07-23,salty,0,0
2026-07-23,serving,0,0
2026-07-23,shackbaggerly,0,0
2026-07-23,side-eye,0,0
2026-07-23,sigma,0,0
2026-07-23,situationship,0,0
2026-07-23,skibidi,0,0
2026-07-23,skilamalink,0,0
2026-07-23,slang,0,0
2026-07-23,sus,0,0
2026-07-23,taradiddle,0,0
2026-07-23,the ick,0,0
2026-07-23,touch grass,0,0
2026-07-23,uglyography,0,0
2026-07-23,unc,0,0
2026-07-23,wagwan,0,0
2026-07-23,wisenheimer,0,0
2026-07-23,zang,0,0
2026-07-23,zounds,0,0
2026-07-24,404 coded,0,0
2026-07-24,6-7,0,0
2026-07-24,absquatulate,0,0
2026-07-24,afternoonified,0,0
2026-07-24,algo-speak,0,0
2026-07-24,ate,0,0
2026-07-24,aura,0,0
2026-07-24,aura farming,0,0
2026-07-24,based,0,0
2026-07-24,bed rotting,0,0
2026-07-24,bee's knees,0,0
2026-07-24,beige flag,0,0
2026-07-24,blotto,0,0
2026-07-24,bop,0,0
2026-07-24,brainrot,0,0
2026-07-24,cap,0,0
2026-07-24,cattywampus,0,0
2026-07-24,caught in 4k,0,0
2026-07-24,choppelganger,0,0
2026-07-24,cooked,0,0
2026-07-24,crash out,0,0
2026-07-24,dandy,0,0
2026-07-24,dead soldier,0,0
2026-07-24,delulu,0,0
2026-07-24,drip,0,0
2026-07-24,dropping lore,0,0
2026-07-24,duck soup,0,0
2026-07-24,ends,0,0
2026-07-24,fanum tax,0,0
2026-07-24,flapper,0,0
2026-07-24,flummadiddle,0,0
2026-07-24,gassed,0,0
2026-07-24,ghosting,0,0
2026-07-24,giggle water,0,0
2026-07-24,gigglemug,0,0
2026-07-24,glad rags,0,0
2026-07-24,glazing,0,0
2026-07-24,got the morbs,0,0
2026-07-24,groovy,0,0
2026-07-24,gyatt,0,0
2026-07-24,hard pass,0,0
2026-07-24,hawkshaw,0,0
2026-07-24,hoosegow,0,0
2026-07-24,htn,0,0
2026-07-24,humbuggery,0,0
2026-07-24,huzz,0,0
2026-07-24,innit,0,0
2026-07-24,knackered,0,0
2026-07-24,lit,0,0
2026-07-24,lowkenuinely,0,0
2026-07-24,mandem,0,0
2026-07-24,mewing,0,0
2026-07-24,mogging,0,0
2026-07-24,mooncalf,0,0
2026-07-24,nanty narking,0,0
2026-07-24,peng,0,0
2026-07-24,phat,0,0
2026-07-24,quid,0,0
2026-07-24,ragebait,0,0
2026-07-24,rapscallion,0,0
2026-07-24,rich in life,0,0
2026-07-24,rizz,0,0
2026-07-24,salty,0,0
2026-07-24,serving,0,0
2026-07-24,shackbaggerly,0,0
2026-07-24,side-eye,0,0
2026-07-24,sigma,0,0
2026-07-24,situationship,0,0
2026-07-24,skibidi,0,0
2026-07-24,skilamalink,0,0
2026-07-24,slang,0,0
2026-07-24,sus,0,0
2026-07-24,taradiddle,0,0
2026-07-24,the ick,0,0
2026-07-24,touch grass,0,0
2026-07-24,uglyography,0,0
2026-07-24,unc,0,0
2026-07-24,wagwan,0,0
2026-07-24,wisenheimer,0,0
2026-07-24,zang,0,0
2026-07-24,zounds,0,0
2026-07-25,404 coded,0,0
2026-07-25,6-7,0,0
2026-07-25,absquatulate,0,0
2026-07-25,afternoonified,0,0
2026-07-25,algo-speak,0,0
2026-07-25,ate,0,0
2026-07-25,aura,0,0
2026-07-25,aura farming,0,0
2026-07-25,based,0,0
2026-07-25,bed rotting,0,0
2026-07-25,bee's knees,0,0
2026-07-25,beige flag,0,0
2026-07-25,blotto,0,0
2026-07-25,bop,0,0
2026-07-25,brainrot,0,0
2026-07-25,cap,0,0
2026-07-25,cattywampus,0,0
2026-07-25,caught in 4k,0,0
2026-07-25,choppelganger,0,0
2026-07-25,cooked,0,0
2026-07-25,crash out,0,0
2026-07-25,dandy,0,0
2026-07-25,dead soldier,0,0
2026-07-25,delulu,0,0
2026-07-25,drip,0,0
2026-07-25,dropping lore,0,0
2026-07-25,duck soup,0,0
2026-07-25,ends,0,0
2026-07-25,fanum tax,0,0
2026-07-25,flapper,0,0
2026-07-25,flummadiddle,0,0
2026-07-25,gassed,0,0
2026-07-25,ghosting,0,0
2026-07-25,giggle water,0,0
2026-07-25,gigglemug,0,0
2026-07-25,glad rags,0,0
2026-07-25,glazing,0,0
2026-07-25,got the morbs,0,0
2026-07-25,groovy,0,0
2026-07-25,gyatt,0,0
2026-07-25,hard pass,0,0
2026-07-25,hawkshaw,0,0
2026-07-25,hoosegow,0,0
2026-07-25,htn,0,0
2026-07-25,humbuggery,0,0
2026-07-25,huzz,0,0
2026-07-25,innit,0,0
2026-07-25,knackered,0,0
2026-07-25,lit,0,0
2026-07-25,lowkenuinely,0,0
2026-07-25,mandem,0,0
2026-07-25,mewing,0,0
2026-07-25,mogging,0,0
2026-07-25,mooncalf,0,0
2026-07-25,nanty narking,0,0
2026-07-25,peng,0,0
2026-07-25,phat,0,0
2026-07-25,quid,0,0
2026-07-25,ragebait,0,0
2026-07-25,rapscallion,0,0
2026-07-25,rich in life,0,0
2026-07-25,rizz,0,0
2026-07-25,salty,0,0
2026-07-25,serving,0,0
2026-07-25,shackbaggerly,0,0
2026-07-25,side-eye,0,0
2026-07-25,sigma,0,0
2026-07-25,situationship,0,0
2026-07-25,skibidi,0,0
2026-07-25,skilamalink,0,0
2026-07-25,slang,0,0
2026-07-25,sus,0,0
2026-07-25,taradiddle,0,0
2026-07-25,the ick,0,0
2026-07-25,touch grass,0,0
2026-07-25,uglyography,0,0
2026-07-25,unc,0,0
2026-07-25,wagwan,0,0
2026-07-25,wisenheimer,0,0
2026-07-25,zang,0,0
2026-07-25,zounds,0,0
2026-07-26,404 coded,0,0
2026-07-26,6-7,0,0
2026-07-26,absquatulate,0,0
2026-07-26,afternoonified,0,0
2026-07-26,algo-speak,0,0
2026-07-26,ate,0,0
2026-07-26,aura,0,0
2026-07-26,aura farming,0,0
2026-07-26,based,0,0
2026-07-26,bed rotting,0,0
2026-07-26,bee's knees,0,0
2026-07-26,beige flag,0,0
2026-07-26,blotto,0,0
2026-07-26,bop,0,0
2026-07-26,brainrot,0,0
2026-07-26,cap,0,0
2026-07-26,cattywampus,0,0
2026-07-26,caught in 4k,0,0
2026-07-26,choppelganger,0,0
2026-07-26,cooked,0,0
2026-07-26,crash out,0,0
2026-07-26,dandy,0,0
2026-07-26,dead soldier,0,0
2026-07-26,delulu,0,0
2026-07-26,drip,0,0
2026-07-26,dropping lore,0,0
2026-07-26,duck soup,0,0
2026-07-26,ends,0,0
2026-07-26,fanum tax,0,0
2026-07-26,flapper,0,0
2026-07-26,flummadiddle,0,0
2026-07-26,gassed,0,0
2026-07-26,ghosting,0,0
2026-07-26,giggle water,0,0
2026-07-26,gigglemug,0,0
2026-07-26,glad rags,0,0
2026-07-26,glazing,0,0
2026-07-26,got the morbs,0,0
2026-07-26,groovy,0,0
2026-07-26,gyatt,0,0
2026-07-26,hard pass,0,0
2026-07-26,hawkshaw,0,0
2026-07-26,hoosegow,0,0
2026-07-26,htn,0,0
2026-07-26,humbuggery,0,0
2026-07-26,huzz,0,0
2026-07-26,innit,0,0
2026-07-26,knackered,0,0
2026-07-26,lit,0,0
2026-07-26,lowkenuinely,0,0
2026-07-26,mandem,0,0
2026-07-26,mewing,0,0
2026-07-26,mogging,0,0
2026-07-26,mooncalf,0,0
2026-07-26,nanty narking,0,0
2026-07-26,peng,0,0
2026-07-26,phat,0,0
2026-07-26,quid,0,0
2026-07-26,ragebait,0,0
2026-07-26,rapscallion,0,0
2026-07-26,rich in life,0,0
2026-07-26,rizz,0,0
2026-07-26,salty,0,0
2026-07-26,serving,0,0
2026-07-26,shackbaggerly,0,0
2026-07-26,side-eye,0,0
2026-07-26,sigma,0,0
2026-07-26,situationship,0,0
2026-07-26,skibidi,0,0
2026-07-26,skilamalink,0,0
2026-07-26,slang,0,0
2026-07-26,sus,0,0
2026-07-26,taradiddle,0,0
2026-07-26,the ick,0,0
2026-07-26,touch grass,0,0
2026-07-26,uglyography,0,0
2026-07-26,unc,0,0
2026-07-26,wagwan,0,0
2026-07-26,wisenheimer,0,0
2026-07-26,zang,0,0
2026-07-26,zounds,0,0
2026-07-27,404 coded,0,0
2026-07-27,6-7,0,0
2026-07-27,absquatulate,0,0
2026-07-27,afternoonified,0,0
2026-07-27,algo-speak,0,0
2026-07-27,ate,0,0
2026-07-27,aura,0,0
2026-07-27,aura farming,0,0
2026-07-27,based,0,0
2026-07-27,bed rotting,0,0
2026-07-27,bee's knees,0,0
2026-07-27,beige flag,0,0
2026-07-27,blotto,0,0
2026-07-27,bop,0,0
2026-07-27,brainrot,0,0
2026-07-27,cap,0,0
2026-07-27,cattywampus,0,0
2026-07-27,caught in 4k,0,0
2026-07-27,choppelganger,0,0
2026-07-27,cooked,0,0
2026-07-27,crash out,0,0
2026-07-27,dandy,0,0
2026-07-27,dead soldier,0,0
2026-07-27,delulu,0,0
2026-07-27,drip,0,0
2026-07-27,dropping lore,0,0
2026-07-27,duck soup,0,0
2026-07-27,ends,0,0
2026-07-27,fanum tax,0,0
2026-07-27,flapper,0,0
2026-07-27,flummadiddle,0,0
2026-07-27,gassed,0,0
2026-07-27,ghosting,0,0
2026-07-27,giggle water,0,0
2026-07-27,gigglemug,0,0
2026-07-27,glad rags,0,0
2026-07-27,glazing,0,0
2026-07-27,got the morbs,0,0
2026-07-27,groovy,0,0
2026-07-27,gyatt,0,0
2026-07-27,hard pass,0,0
2026-07-27,hawkshaw,0,0
2026-07-27,hoosegow,0,0
2026-07-27,htn,0,0
2026-07-27,humbuggery,0,0
2026-07-27,huzz,0,0
2026-07-27,innit,0,0
2026-07-27,knackered,0,0
2026-07-27,lit,0,0
2026-07-27,lowkenuinely,0,0
2026-07-27,mandem,0,0
2026-07-27,mewing,0,0
2026-07-27,mogging,0,0
2026-07-27,mooncalf,0,0
2026-07-27,nanty narking,0,0
2026-07-27,peng,0,0
2026-07-27,phat,0,0
2026-07-27,quid,0,0
2026-07-27,ragebait,0,0
2026-07-27,rapscallion,0,0
2026-07-27,rich in life,0,0
2026-07-27,rizz,0,0
2026-07-27,salty,0,0
2026-07-27,serving,0,0
2026-07-27,shackbaggerly,0,0
2026-07-27,side-eye,0,0
2026-07-27,sigma,0,0
2026-07-27,situationship,0,0
2026-07-27,skibidi,0,0
2026-07-27,skilamalink,0,0
2026-07-27,slang,0,0
2026-07-27,sus,0,0
2026-07-27,taradiddle,0,0
2026-07-27,the ick,0,0
2026-07-27,touch grass,0,0
2026-07-27,uglyography,0,0
2026-07-27,unc,0,0
2026-07-27,wagwan,0,0
2026-07-27,wisenheimer,0,0
2026-07-27,zang,0,0
2026-07-27,zounds,0,0
2026-07-28,404 coded,0,0
2026-07-28,6-7,0,0
2026-07-28,absquatulate,0,0
2026-07-28,afternoonified,0,0
2026-07-28,algo-speak,0,0
2026-07-28,ate,0,0
2026-07-28,aura,0,0
2026-07-28,aura farming,0,0
2026-07-28,based,0,0
2026-07-28,bed rotting,0,0
2026-07-28,bee's knees,0,0
2026-07-28,beige flag,0,0
2026-07-28,blotto,0,0
2026-07-28,bop,0,0
2026-07-28,brainrot,0,0
2026-07-28,cap,0,0
2026-07-28,cattywampus,0,0
2026-07-28,caught in 4k,0,0
2026-07-28,choppelganger,0,0
2026-07-28,cooked,0,0
2026-07-28,crash out,0,0
2026-07-28,dandy,0,0
2026-07-28,dead soldier,0,0
2026-07-28,delulu,0,0
2026-07-28,drip,0,0
2026-07-28,dropping lore,0,0
2026-07-28,duck soup,0,0
2026-07-28,ends,0,0
2026-07-28,fanum tax,0,0
2026-07-28,flapper,0,0
2026-07-28,flummadiddle,0,0
2026-07-28,gassed,0,0
2026-07-28,ghosting,0,0
2026-07-28,giggle water,0,0
2026-07-28,gigglemug,0,0
2026-07-28,glad rags,0,0
2026-07-28,glazing,0,0
2026-07-28,got the morbs,0,0
2026-07-28,groovy,0,0
2026-07-28,gyatt,0,0
2026-07-28,hard pass,0,0
2026-07-28,hawkshaw,0,0
2026-07-28,hoosegow,0,0
2026-07-28,htn,0,0
2026-07-28,humbuggery,0,0
2026-07-28,huzz,0,0
2026-07-28,innit,0,0
2026-07-28,knackered,0,0
2026-07-28,lit,0,0
2026-07-28,lowkenuinely,0,0
2026-07-28,mandem,0,0
2026-07-28,mewing,0,0
2026-07-28,mogging,0,0
2026-07-28,mooncalf,0,0
2026-07-28,nanty narking,0,0
2026-07-28,peng,0,0
2026-07-28,phat,0,0
2026-07-28,quid,0,0
2026-07-28,ragebait,0,0
2026-07-28,rapscallion,0,0
2026-07-28,rich in life,0,0
2026-07-28,rizz,0,0
2026-07-28,salty,0,0
2026-07-28,serving,0,0
2026-07-28,shackbaggerly,0,0
2026-07-28,side-eye,0,0
2026-07-28,sigma,0,0
2026-07-28,situationship,0,0
2026-07-28,skibidi,0,0
2026-07-28,skilamalink,0,0
2026-07-28,slang,0,0
2026-07-28,sus,0,0
2026-07-28,taradiddle,0,0
2026-07-28,the ick,0,0
2026-07-28,touch grass,0,0
2026-07-28,uglyography,0,0
2026-07-28,unc,0,0
2026-07-28,wagwan,0,0
2026-07-28,wisenheimer,0,0
2026-07-28,zang,0,0
2026-07-28,zounds,0,0
2026-07-29,404 coded,0,0
2026-07-29,6-7,0,0
2026-07-29,absquatulate,0,0
2026-07-29,afternoonified,0,0
2026-07-29,algo-speak,0,0
2026-07-29,ate,0,0
2026-07-29,aura,0,0
2026-07-29,aura farming,0,0
2026-07-29,based,0,0
2026-07-29,bed rotting,0,0
2026-07-29,bee's knees,0,0
2026-07-29,beige flag,0,0
2026-07-29,blotto,0,0
2026-07-29,bop,0,0
2026-07-29,brainrot,0,0
2026-07-29,cap,0,0
2026-07-29,cattywampus,0,0
2026-07-29,caught in 4k,0,0
2026-07-29,choppelganger,0,0
2026-07-29,cooked,0,0
2026-07-29,crash out,0,0
2026-07-29,dandy,0,0
2026-07-29,dead soldier,0,0
2026-07-29,delulu,0,0
2026-07-29,drip,0,0
2026-07-29,dropping lore,0,0
2026-07-29,duck soup,0,0
2026-07-29,ends,0,0
2026-07-29,fanum tax,0,0
2026-07-29,flapper,0,0
2026-07-29,flummadiddle,0,0
2026-07-29,gassed,0,0
2026-07-29,ghosting,0,0
2026-07-29,giggle water,0,0
2026-07-29,gigglemug,0,0
2026-07-29,glad rags,0,0
2026-07-29,glazing,0,0
2026-07-29,got the morbs,0,0
2026-07-29,groovy,0,0
2026-07-29,gyatt,0,0
2026-07-29,hard pass,0,0
2026-07-29,hawkshaw,0,0
2026-07-29,hoosegow,0,0
2026-07-29,htn,0,0
2026-07-29,humbuggery,0,0
2026-07-29,huzz,0,0
2026-07-29,innit,0,0
2026-07-29,knackered,0,0
2026-07-29,lit,0,0
2026-07-29,lowkenuinely,0,0
2026-07-29,mandem,0,0
2026-07-29,mewing,0,0
2026-07-29,mogging,0,0
2026-07-29,mooncalf,0,0
2026-07-29,nanty narking,0,0
2026-07-29,peng,0,0
2026-07-29,phat,0,0
2026-07-29,quid,0,0
2026-07-29,ragebait,0,0
2026-07-29,rapscallion,0,0
2026-07-29,rich in life,0,0
2026-07-29,rizz,0,0
2026-07-29,salty,0,0
2026-07-29,serving,0,0
2026-07-29,shackbaggerly,0,0
2026-07-29,side-eye,0,0
2026-07-29,sigma,0,0
2026-07-29,situationship,0,0
2026-07-29,skibidi,0,0
2026-07-29,skilamalink,0,0
2026-07-29,slang,0,0
2026-07-29,sus,0,0
2026-07-29,taradiddle,0,0
2026-07-29,the ick,0,0
2026-07-29,touch grass,0,0
2026-07-29,uglyography,0,0
2026-07-29,unc,0,0
2026-07-29,wagwan,0,0
2026-07-29,wisenheimer,0,0
2026-07-29,zang,0,0
2026-07-29,zounds,0,0
2026-07-30,404 coded,0,0
2026-07-30,6-7,0,0
2026-07-30,absquatulate,0,0
2026-07-30,afternoonified,0,0
2026-07-30,algo-speak,0,0
2026-07-30,ate,0,0
2026-07-30,aura,0,0
2026-07-30,aura farming,0,0
2026-07-30,based,0,0
2026-07-30,bed rotting,0,0
2026-07-30,bee's knees,0,0
2026-07-30,beige flag,0,0
2026-07-30,blotto,0,0
2026-07-30,bop,0,0
2026-07-30,brainrot,0,0
2026-07-30,cap,0,0
2026-07-30,cattywampus,0,0
2026-07-30,caught in 4k,0,0
2026-07-30,choppelganger,0,0
2026-07-30,cooked,0,0
2026-07-30,crash out,0,0
2026-07-30,dandy,0,0
2026-07-30,dead soldier,0,0
2026-07-30,delulu,0,0
2026-07-30,drip,0,0
2026-07-30,dropping lore,0,0
2026-07-30,duck soup,0,0
2026-07-30,ends,0,0
2026-07-30,fanum tax,0,0
2026-07-30,flapper,0,0
2026-07-30,flummadiddle,0,0
2026-07-30,gassed,0,0
2026-07-30,ghosting,0,0
2026-07-30,giggle water,0,0
2026-07-30,gigglemug,0,0
2026-07-30,glad rags,0,0
2026-07-30,glazing,0,0
2026-07-30,got the morbs,0,0
2026-07-30,groovy,0,0
2026-07-30,gyatt,0,0
2026-07-30,hard pass,0,0
2026-07-30,hawkshaw,0,0
2026-07-30,hoosegow,0,0
2026-07-30,htn,0,0
2026-07-30,humbuggery,0,0
2026-07-30,huzz,0,0
2026-07-30,innit,0,0
2026-07-30,knackered,0,0
2026-07-30,lit,0,0
2026-07-30,lowkenuinely,0,0
2026-07-30,mandem,0,0
2026-07-30,mewing,0,0
2026-07-30,mogging,0,0
2026-07-30,mooncalf,0,0
2026-07-30,nanty narking,0,0
2026-07-30,peng,0,0
2026-07-30,phat,0,0
2026-07-30,quid,0,0
2026-07-30,ragebait,0,0
2026-07-30,rapscallion,0,0
2026-07-30,rich in life,0,0
2026-07-30,rizz,0,0
2026-07-30,salty,0,0
2026-07-30,serving,0,0
2026-07-30,shackbaggerly,0,0
2026-07-30,side-eye,0,0
2026-07-30,sigma,0,0
2026-07-30,situationship,0,0
2026-07-30,skibidi,0,0
2026-07-30,skilamalink,0,0
2026-07-30,slang,0,0
2026-07-30,sus,0,0
2026-07-30,taradiddle,0,0
2026-07-30,the ick,0,0
2026-07-30,touch grass,0,0
2026-07-30,uglyography,0,0
2026-07-30,unc,0,0
2026-07-30,wagwan,0,0
2026-07-30,wisenheimer,0,0
2026-07-30,zang,0,0
2026-07-30,zounds,0,0
2026-07-31,404 coded,0,0
2026-07-31,6-7,0,0
2026-07-31,absquatulate,0,0
2026-07-31,afternoonified,0,0
2026-07-31,algo-speak,0,0
2026-07-31,ate,0,0
2026-07-31,aura,0,0
2026-07-31,aura farming,0,0
2026-07-31,based,0,0
2026-07-31,bed rotting,0,0
2026-07-31,bee's knees,0,0
2026-07-31,beige flag,0,0
2026-07-31,blotto,0,0
2026-07-31,bop,0,0
2026-07-31,brainrot,0,0
2026-07-31,cap,0,0
2026-07-31,cattywampus,0,0
2026-07-31,caught in 4k,0,0
2026-07-31,choppelganger,0,0
2026-07-31,cooked,0,0
2026-07-31,crash out,0,0
2026-07-31,dandy,0,0
2026-07-31,dead soldier,0,0
2026-07-31,delulu,0,0
2026-07-31,drip,0,0
2026-07-31,dropping lore,0,0
2026-07-31,duck soup,0,0
2026-07-31,ends,0,0
2026-07-31,fanum tax,0,0
2026-07-31,flapper,0,0
2026-07-31,flummadiddle,0,0
2026-07-31,gassed,0,0
2026-07-31,ghosting,0,0
2026-07-31,giggle water,0,0
2026-07-31,gigglemug,0,0
2026-07-31,glad rags,0,0
2026-07-31,glazing,0,0
2026-07-31,got the morbs,0,0
2026-07-31,groovy,0,0
2026-07-31,gyatt,0,0
2026-07-31,hard pass,0,0
2026-07-31,hawkshaw,0,0
2026-07-31,hoosegow,0,0
2026-07-31,htn,0,0
2026-07-31,humbuggery,0,0
2026-07-31,huzz,0,0
2026-07-31,innit,0,0
2026-07-31,knackered,0,0
2026-07-31,lit,0,0
2026-07-31,lowkenuinely,0,0
2026-07-31,mandem,0,0
2026-07-31,mewing,0,0
2026-07-31,mogging,0,0
2026-07-31,mooncalf,0,0
2026-07-31,nanty narking,0,0
2026-07-31,peng,0,0
2026-07-31,phat,0,0
2026-07-31,quid,0,0
2026-07-31,ragebait,0,0
2026-07-31,rapscallion,0,0
2026-07-31,rich in life,0,0
2026-07-31,rizz,0,0
2026-07-31,salty,0,0
2026-07-31,serving,0,0
2026-07-31,shackbaggerly,0,0
2026-07-31,side-eye,0,0
2026-07-31,sigma,0,0
2026-07-31,situationship,0,0
2026-07-31,skibidi,0,0
2026-07-31,skilamalink,0,0
2026-07-31,slang,0,0
2026-07-31,sus,0,0
2026-07-31,taradiddle,0,0
2026-07-31,the ick,0,0
2026-07-31,touch grass,0,0
2026-07-31,uglyography,0,0
2026-07-31,unc,0,0
2026-07-31,wagwan,0,0
2026-07-31,wisenheimer,0,0
2026-07-31,zang,0,0
2026-07-31,zounds,0,0
2026-08-01,404 coded,0,0
2026-08-01,6-7,0,0
2026-08-01,absquatulate,0,0
2026-08-01,afternoonified,0,0
2026-08-01,algo-speak,0,0
2026-08-01,ate,0,0
2026-08-01,aura,0,0
2026-08-01,aura farming,0,0
2026-08-01,based,0,0
2026-08-01,bed rotting,0,0
2026-08-01,bee's knees,0,0
2026-08-01,beige flag,0,0
2026-08-01,blotto,0,0
2026-08-01,bop,0,0
2026-08-01,brainrot,0,0
2026-08-01,cap,0,0
2026-08-01,cattywampus,0,0
2026-08-01,caught in 4k,0,0
2026-08-01,choppelganger,0,0
2026-08-01,cooked,0,0
2026-08-01,crash out,0,0
2026-08-01,dandy,0,0
2026-08-01,dead soldier,0,0
2026-08-01,delulu,0,0
2026-08-01,drip,0,0
2026-08-01,dropping lore,0,0
2026-08-01,duck soup,0,0
2026-08-01,ends,0,0
2026-08-01,fanum tax,0,0
2026-08-01,flapper,0,0
2026-08-01,flummadiddle,0,0
2026-08-01,gassed,0,0
2026-08-01,ghosting,0,0
2026-08-01,giggle water,0,0
2026-08-01,gigglemug,0,0
2026-08-01,glad rags,0,0
2026-08-01,glazing,0,0
2026-08-01,got the morbs,0,0
2026-08-01,groovy,0,0
2026-08-01,gyatt,0,0
2026-08-01,hard pass,0,0
2026-08-01,hawkshaw,0,0
2026-08-01,hoosegow,0,0
2026-08-01,htn,0,0
2026-08-01,humbuggery,0,0
2026-08-01,huzz,0,0
2026-08-01,innit,0,0
2026-08-01,knackered,0,0
2026-08-01,lit,0,0
2026-08-01,lowkenuinely,0,0
2026-08-01,mandem,0,0
2026-08-01,mewing,0,0
2026-08-01,mogging,0,0
2026-08-01,mooncalf,0,0
2026-08-01,nanty narking,0,0
2026-08-01,peng,0,0
2026-08-01,phat,0,0
2026-08-01,quid,0,0
2026-08-01,ragebait,0,0
2026-08-01,rapscallion,0,0
2026-08-01,rich in life,0,0
2026-08-01,rizz,0,0
2026-08-01,salty,0,0
2026-08-01,serving,0,0
2026-08-01,shackbaggerly,0,0
2026-08-01,side-eye,0,0
2026-08-01,sigma,0,0
2026-08-01,situationship,0,0
2026-08-01,skibidi,0,0
2026-08-01,skilamalink,0,0
2026-08-01,slang,0,0
2026-08-01,sus,0,0
2026-08-01,taradiddle,0,0
2026-08-01,the ick,0,0
2026-08-01,touch grass,0,0
2026-08-01,uglyography,0,0
2026-08-01,unc,0,0
2026-08-01,wagwan,0,0
2026-08-01,wisenheimer,0,0
2026-08-01,zang,0,0
2026-08-01,zounds,0,0
2026-08-02,404 coded,0,0
2026-08-02,6-7,0,0
2026-08-02,absquatulate,0,0
2026-08-02,afternoonified,0,0
2026-08-02,algo-speak,0,0
2026-08-02,ate,0,0
2026-08-02,aura,0,0
2026-08-02,aura farming,0,0
2026-08-02,based,0,0
2026-08-02,bed rotting,0,0
2026-08-02,bee's knees,0,0
2026-08-02,beige flag,0,0
2026-08-02,blotto,0,0
2026-08-02,bop,0,0
2026-08-02,brainrot,0,0
2026-08-02,cap,0,0
2026-08-02,cattywampus,0,0
2026-08-02,caught in 4k,0,0
2026-08-02,choppelganger,0,0
2026-08-02,cooked,0,0
2026-08-02,crash out,0,0
2026-08-02,dandy,0,0
2026-08-02,dead soldier,0,0
2026-08-02,delulu,0,0
2026-08-02,drip,0,0
2026-08-02,dropping lore,0,0
2026-08-02,duck soup,0,0
2026-08-02,ends,0,0
2026-08-02,fanum tax,0,0
2026-08-02,flapper,0,0
2026-08-02,flummadiddle,0,0
2026-08-02,gassed,0,0
2026-08-02,ghosting,0,0
2026-08-02,giggle water,0,0
2026-08-02,gigglemug,0,0
2026-08-02,glad rags,0,0
2026-08-02,glazing,0,0
2026-08-02,got the morbs,0,0
2026-08-02,groovy,0,0
2026-08-02,gyatt,0,0
2026-08-02,hard pass,0,0
2026-08-02,hawkshaw,0,0
2026-08-02,hoosegow,0,0
2026-08-02,htn,0,0
2026-08-02,humbuggery,0,0
2026-08-02,huzz,0,0
2026-08-02,innit,0,0
2026-08-02,knackered,0,0
2026-08-02,lit,0,0
2026-08-02,lowkenuinely,0,0
2026-08-02,mandem,0,0
2026-08-02,mewing,0,0
2026-08-02,mogging,0,0
2026-08-02,mooncalf,0,0
2026-08-02,nanty narking,0,0
2026-08-02,peng,0,0
2026-08-02,phat,0,0
2026-08-02,quid,0,0
2026-08-02,ragebait,0,0
2026-08-02,rapscallion,0,0
2026-08-02,rich in life,0,0
2026-08-02,rizz,0,0
2026-08-02,salty,0,0
2026-08-02,serving,0,0
2026-08-02,shackbaggerly,0,0
2026-08-02,side-eye,0,0
2026-08-02,sigma,0,0
2026-08-02,situationship,0,0
2026-08-02,skibidi,0,0
2026-08-02,skilamalink,0,0
2026-08-02,slang,0,0
2026-08-02,sus,0,0
2026-08-02,taradiddle,0,0
2026-08-02,the ick,0,0
2026-08-02,touch grass,0,0
2026-08-02,uglyography,0,0
2026-08-02,unc,0,0
2026-08-02,wagwan,0,0
2026-08-02,wisenheimer,0,0
2026-08-02,zang,0,0
2026-08-02,zounds,0,0
2026-08-03,404 coded,0,0
2026-08-03,6-7,0,0
2026-08-03,absquatulate,0,0
2026-08-03,afternoonified,0,0
2026-08-03,algo-speak,0,0
2026-08-03,ate,0,0
2026-08-03,aura,0,0
2026-08-03,aura farming,0,0
2026-08-03,based,0,0
2026-08-03,bed rotting,0,0
2026-08-03,bee's knees,0,0
2026-08-03,beige flag,0,0
2026-08-03,blotto,0,0
2026-08-03,bop,0,0
2026-08-03,brainrot,0,0
2026-08-03,cap,0,0
2026-08-03,cattywampus,0,0
2026-08-03,caught in 4k,0,0
2026-08-03,choppelganger,0,0
2026-08-03,cooked,0,0
2026-08-03,crash out,0,0
2026-08-03,dandy,0,0
2026-08-03,dead soldier,0,0
2026-08-03,delulu,0,0
2026-08-03,drip,0,0
2026-08-03,dropping lore,0,0
2026-08-03,duck soup,0,0
2026-08-03,ends,0,0
2026-08-03,fanum tax,0,0
2026-08-03,flapper,0,0
2026-08-03,flummadiddle,0,0
2026-08-03,gassed,0,0
2026-08-03,ghosting,0,0
2026-08-03,giggle water,0,0
2026-08-03,gigglemug,0,0
2026-08-03,glad rags,0,0
2026-08-03,glazing,0,0
2026-08-03,got the morbs,0,0
2026-08-03,groovy,0,0
2026-08-03,gyatt,0,0
2026-08-03,hard pass,0,0
2026-08-03,hawkshaw,0,0
2026-08-03,hoosegow,0,0
2026-08-03,htn,0,0
2026-08-03,humbuggery,0,0
2026-08-03,huzz,0,0
2026-08-03,innit,0,0
2026-08-03,knackered,0,0
2026-08-03,lit,0,0
2026-08-03,lowkenuinely,0,0
2026-08-03,mandem,0,0
2026-08-03,mewing,0,0
2026-08-03,mogging,0,0
2026-08-03,mooncalf,0,0
2026-08-03,nanty narking,0,0
2026-08-03,peng,0,0
2026-08-03,phat,0,0
2026-08-03,quid,0,0
2026-08-03,ragebait,0,0
2026-08-03,rapscallion,0,0
2026-08-03,rich in life,0,0
2026-08-03,rizz,0,0
2026-08-03,salty,0,0
2026-08-03,serving,0,0
2026-08-03,shackbaggerly,0,0
2026-08-03,side-eye,0,0
2026-08-03,sigma,0,0
2026-08-03,situationship,0,0
2026-08-03,skibidi,0,0
2026-08-03,skilamalink,0,0
2026-08-03,slang,0,0
2026-08-03,sus,0,0
2026-08-03,taradiddle,0,0
2026-08-03,the ick,0,0
2026-08-03,touch grass,0,0
2026-08-03,uglyography,0,0
2026-08-03,unc,0,0
2026-08-03,wagwan,0,0
2026-08-03,wisenheimer,0,0
2026-08-03,zang,0,0
2026-08-03,zounds,0,0
2026-08-04,404 coded,0,0
2026-08-04,6-7,0,0
2026-08-04,absquatulate,0,0
2026-08-04,afternoonified,0,0
2026-08-04,algo-speak,0,0
2026-08-04,ate,0,0
2026-08-04,aura,0,0
2026-08-04,aura farming,0,0
2026-08-04,based,0,0
2026-08-04,bed rotting,0,0
2026-08-04,bee's knees,0,0
2026-08-04,beige flag,0,0
2026-08-04,blotto,0,0
2026-08-04,bop,0,0
2026-08-04,brainrot,0,0
2026-08-04,cap,0,0
2026-08-04,cattywampus,0,0
2026-08-04,caught in 4k,0,0
2026-08-04,choppelganger,0,0
2026-08-04,cooked,0,0
2026-08-04,crash out,0,0
2026-08-04,dandy,0,0
2026-08-04,dead soldier,0,0
2026-08-04,delulu,0,0
2026-08-04,drip,0,0
2026-08-04,dropping lore,0,0
2026-08-04,duck soup,0,0
2026-08-04,ends,0,0
2026-08-04,fanum tax,0,0
2026-08-04,flapper,0,0
2026-08-04,flummadiddle,0,0
2026-08-04,gassed,0,0
2026-08-04,ghosting,0,0
2026-08-04,giggle water,0,0
2026-08-04,gigglemug,0,0
2026-08-04,glad rags,0,0
2026-08-04,glazing,0,0
2026-08-04,got the morbs,0,0
2026-08-04,groovy,0,0
2026-08-04,gyatt,0,0
2026-08-04,hard pass,0,0
2026-08-04,hawkshaw,0,0
2026-08-04,hoosegow,0,0
2026-08-04,htn,0,0
2026-08-04,humbuggery,0,0
2026-08-04,huzz,0,0
2026-08-04,innit,0,0
2026-08-04,knackered,0,0
2026-08-04,lit,0,0
2026-08-04,lowkenuinely,0,0
2026-08-04,mandem,0,0
2026-08-04,mewing,0,0
2026-08-04,mogging,0,0
2026-08-04,mooncalf,0,0
2026-08-04,nanty narking,0,0
2026-08-04,peng,0,0
2026-08-04,phat,0,0
2026-08-04,quid,0,0
2026-08-04,ragebait,0,0
2026-08-04,rapscallion,0,0
2026-08-04,rich in life,0,0
2026-08-04,rizz,0,0
2026-08-04,salty,0,0
2026-08-04,serving,0,0
2026-08-04,shackbaggerly,0,0
2026-08-04,side-eye,0,0
2026-08-04,sigma,0,0
2026-08-04,situationship,0,0
2026-08-04,skibidi,0,0
2026-08-04,skilamalink,0,0
2026-08-04,slang,0,0
2026-08-04,sus,0,0
2026-08-04,taradiddle,0,0
2026-08-04,the ick,0,0
2026-08-04,touch grass,0,0
2026-08-04,uglyography,0,0
2026-08-04,unc,0,0
2026-08-04,wagwan,0,0
2026-08-04,wisenheimer,0,0
2026-08-04,zang,0,0
2026-08-04,zounds,0,0
2026-08-05,404 coded,0,0
2026-08-05,6-7,0,0
2026-08-05,absquatulate,0,0
2026-08-05,afternoonified,0,0
2026-08-05,algo-speak,0,0
2026-08-05,ate,0,0
2026-08-05,aura,0,0
2026-08-05,aura farming,0,0
2026-08-05,based,0,0
2026-08-05,bed rotting,0,0
2026-08-05,bee's knees,0,0
2026-08-05,beige flag,0,0
2026-08-05,blotto,0,0
2026-08-05,bop,0,0
2026-08-05,brainrot,0,0
2026-08-05,cap,0,0
2026-08-05,cattywampus,0,0
2026-08-05,caught in 4k,0,0
2026-08-05,choppelganger,0,0
2026-08-05,cooked,0,0
2026-08-05,crash out,0,0
2026-08-05,dandy,0,0
2026-08-05,dead soldier,0,0
2026-08-05,delulu,0,0
2026-08-05,drip,0,0
2026-08-05,dropping lore,0,0
2026-08-05,duck soup,0,0
2026-08-05,ends,0,0
2026-08-05,fanum tax,0,0
2026-08-05,flapper,0,0
2026-08-05,flummadiddle,0,0
2026-08-05,gassed,0,0
2026-08-05,ghosting,0,0
2026-08-05,giggle water,0,0
2026-08-05,gigglemug,0,0
2026-08-05,glad rags,0,0
2026-08-05,glazing,0,0
2026-08-05,got the morbs,0,0
2026-08-05,groovy,0,0
2026-08-05,gyatt,0,0
2026-08-05,hard pass,0,0
2026-08-05,hawkshaw,0,0
2026-08-05,hoosegow,0,0
2026-08-05,htn,0,0
2026-08-05,humbuggery,0,0
2026-08-05,huzz,0,0
2026-08-05,innit,0,0
2026-08-05,knackered,0,0
2026-08-05,lit,0,0
2026-08-05,lowkenuinely,0,0
2026-08-05,mandem,0,0
2026-08-05,mewing,0,0
2026-08-05,mogging,0,0
2026-08-05,mooncalf,0,0
2026-08-05,nanty narking,0,0
2026-08-05,peng,0,0
2026-08-05,phat,0,0
2026-08-05,quid,0,0
2026-08-05,ragebait,0,0
2026-08-05,rapscallion,0,0
2026-08-05,rich in life,0,0
2026-08-05,rizz,0,0
2026-08-05,salty,0,0
2026-08-05,serving,0,0
2026-08-05,shackbaggerly,0,0
2026-08-05,side-eye,0,0
2026-08-05,sigma,0,0
2026-08-05,situationship,0,0
2026-08-05,skibidi,0,0
2026-08-05,skilamalink,0,0
2026-08-05,slang,0,0
2026-08-05,sus,0,0
2026-08-05,taradiddle,0,0
2026-08-05,the ick,0,0
2026-08-05,touch grass,0,0
2026-08-05,uglyography,0,0
2026-08-05,unc,0,0
2026-08-05,wagwan,0,0
2026-08-05,wisenheimer,0,0
2026-08-05,zang,0,0
2026-08-05,zounds,0,0
2026-08-06,404 coded,0,0
2026-08-06,6-7,0,0
2026-08-06,absquatulate,0,0
2026-08-06,afternoonified,0,0
2026-08-06,algo-speak,0,0
2026-08-06,ate,0,0
2026-08-06,aura,0,0
2026-08-06,aura farming,0,0
2026-08-06,based,0,0
2026-08-06,bed rotting,0,0
2026-08-06,bee's knees,0,0
2026-08-06,beige flag,0,0
2026-08-06,blotto,0,0
2026-08-06,bop,0,0
2026-08-06,brainrot,0,0
2026-08-06,cap,0,0
2026-08-06,cattywampus,0,0
2026-08-06,caught in 4k,0,0
2026-08-06,choppelganger,0,0
2026-08-06,cooked,0,0
2026-08-06,crash out,0,0
2026-08-06,dandy,0,0
2026-08-06,dead soldier,0,0
2026-08-06,delulu,0,0
2026-08-06,drip,0,0
2026-08-06,dropping lore,0,0
2026-08-06,duck soup,0,0
2026-08-06,ends,0,0
2026-08-06,fanum tax,0,0
2026-08-06,flapper,0,0
2026-08-06,flummadiddle,0,0
2026-08-06,gassed,0,0
2026-08-06,ghosting,0,0
2026-08-06,giggle water,0,0
2026-08-06,gigglemug,0,0
2026-08-06,glad rags,0,0
2026-08-06,glazing,0,0
2026-08-06,got the morbs,0,0
2026-08-06,groovy,0,0
2026-08-06,gyatt,0,0
2026-08-06,hard pass,0,0
2026-08-06,hawkshaw,0,0
2026-08-06,hoosegow,0,0
2026-08-06,htn,0,0
2026-08-06,humbuggery,0,0
2026-08-06,huzz,0,0
2026-08-06,innit,0,0
2026-08-06,knackered,0,0
2026-08-06,lit,0,0
2026-08-06,lowkenuinely,0,0
2026-08-06,mandem,0,0
2026-08-06,mewing,0,0
2026-08-06,mogging,0,0
2026-08-06,mooncalf,0,0
2026-08-06,nanty narking,0,0
2026-08-06,peng,0,0
2026-08-06,phat,0,0
2026-08-06,quid,0,0
2026-08-06,ragebait,0,0
2026-08-06,rapscallion,0,0
2026-08-06,rich in life,0,0
2026-08-06,rizz,0,0
2026-08-06,salty,0,0
2026-08-06,serving,0,0
2026-08-06,shackbaggerly,0,0
2026-08-06,side-eye,0,0
2026-08-06,sigma,0,0
2026-08-06,situationship,0,0
2026-08-06,skibidi,0,0
2026-08-06,skilamalink,0,0
2026-08-06,slang,0,0
2026-08-06,sus,0,0
2026-08-06,taradiddle,0,0
2026-08-06,the ick,0,0
2026-08-06,touch grass,0,0
2026-08-06,uglyography,0,0
2026-08-06,unc,0,0
2026-08-06,wagwan,0,0
2026-08-06,wisenheimer,0,0
2026-08-06,zang,0,0
2026-08-06,zounds,0,0
2026-08-07,404 coded,0,0
2026-08-07,6-7,0,0
2026-08-07,absquatulate,0,0
2026-08-07,afternoonified,0,0
2026-08-07,algo-speak,0,0
2026-08-07,ate,0,0
2026-08-07,aura,0,0
2026-08-07,aura farming,0,0
2026-08-07,based,0,0
2026-08-07,bed rotting,0,0
2026-08-07,bee's knees,0,0
2026-08-07,beige flag,0,0
2026-08-07,blotto,0,0
2026-08-07,bop,0,0
2026-08-07,brainrot,0,0
2026-08-07,cap,0,0
2026-08-07,cattywampus,0,0
2026-08-07,caught in 4k,0,0
2026-08-07,choppelganger,0,0
2026-08-07,cooked,0,0
2026-08-07,crash out,0,0
2026-08-07,dandy,0,0
2026-08-07,dead soldier,0,0
2026-08-07,delulu,0,0
2026-08-07,drip,0,0
2026-08-07,dropping lore,0,0
2026-08-07,duck soup,0,0
2026-08-07,ends,0,0
2026-08-07,fanum tax,0,0
2026-08-07,flapper,0,0
2026-08-07,flummadiddle,0,0
2026-08-07,gassed,0,0
2026-08-07,ghosting,0,0
2026-08-07,giggle water,0,0
2026-08-07,gigglemug,0,0
2026-08-07,glad rags,0,0
2026-08-07,glazing,0,0
2026-08-07,got the morbs,0,0
2026-08-07,groovy,0,0
2026-08-07,gyatt,0,0
2026-08-07,hard pass,0,0
2026-08-07,hawkshaw,0,0
2026-08-07,hoosegow,0,0
2026-08-07,htn,0,0
2026-08-07,humbuggery,0,0
2026-08-07,huzz,0,0
2026-08-07,innit,0,0
2026-08-07,knackered,0,0
2026-08-07,lit,0,0
2026-08-07,lowkenuinely,0,0
2026-08-07,mandem,0,0
2026-08-07,mewing,0,0
2026-08-07,mogging,0,0
2026-08-07,mooncalf,0,0
2026-08-07,nanty narking,0,0
2026-08-07,peng,0,0
2026-08-07,phat,0,0
2026-08-07,quid,0,0
2026-08-07,ragebait,0,0
2026-08-07,rapscallion,0,0
2026-08-07,rich in life,0,0
2026-08-07,rizz,0,0
2026-08-07,salty,0,0
2026-08-07,serving,0,0
2026-08-07,shackbaggerly,0,0
2026-08-07,side-eye,0,0
2026-08-07,sigma,0,0
2026-08-07,situationship,0,0
2026-08-07,skibidi,0,0
2026-08-07,skilamalink,0,0
2026-08-07,slang,0,0
2026-08-07,sus,0,0
2026-08-07,taradiddle,0,0
2026-08-07,the ick,0,0
2026-08-07,touch grass,0,0
2026-08-07,uglyography,0,0
2026-08-07,unc,0,0
2026-08-07,wagwan,0,0
2026-08-07,wisenheimer,0,0
2026-08-07,zang,0,0
2026-08-07,zounds,0,0
2026-08-08,404 coded,0,0
2026-08-08,6-7,0,0
2026-08-08,absquatulate,0,0
2026-08-08,afternoonified,0,0
2026-08-08,algo-speak,0,0
2026-08-08,ate,0,0
2026-08-08,aura,0,0
2026-08-08,aura farming,0,0
2026-08-08,based,0,0
2026-08-08,bed rotting,0,0
2026-08-08,bee's knees,0,0
2026-08-08,beige flag,0,0
2026-08-08,blotto,0,0
2026-08-08,bop,0,0
2026-08-08,brainrot,0,0
2026-08-08,cap,0,0
2026-08-08,cattywampus,0,0
2026-08-08,caught in 4k,0,0
2026-08-08,choppelganger,0,0
2026-08-08,cooked,0,0
2026-08-08,crash out,0,0
2026-08-08,dandy,0,0
2026-08-08,dead soldier,0,0
2026-08-08,delulu,0,0
2026-08-08,drip,0,0
2026-08-08,dropping lore,0,0
2026-08-08,duck soup,0,0
2026-08-08,ends,0,0
2026-08-08,fanum tax,0,0
2026-08-08,flapper,0,0
2026-08-08,flummadiddle,0,0
2026-08-08,gassed,0,0
2026-08-08,ghosting,0,0
2026-08-08,giggle water,0,0
2026-08-08,gigglemug,0,0
2026-08-08,glad rags,0,0
2026-08-08,glazing,0,0
2026-08-08,got the morbs,0,0
2026-08-08,groovy,0,0
2026-08-08,gyatt,0,0
2026-08-08,hard pass,0,0
2026-08-08,hawkshaw,0,0
2026-08-08,hoosegow,0,0
2026-08-08,htn,0,0
2026-08-08,humbuggery,0,0
2026-08-08,huzz,0,0
2026-08-08,innit,0,0
2026-08-08,knackered,0,0
2026-08-08,lit,0,0
2026-08-08,lowkenuinely,0,0
2026-08-08,mandem,0,0
2026-08-08,mewing,0,0
2026-08-08,mogging,0,0
2026-08-08,mooncalf,0,0
2026-08-08,nanty narking,0,0
2026-08-08,peng,0,0
2026-08-08,phat,0,0
2026-08-08,quid,0,0
2026-08-08,ragebait,0,0
2026-08-08,rapscallion,0,0
2026-08-08,rich in life,0,0
2026-08-08,rizz,0,0
2026-08-08,salty,0,0
2026-08-08,serving,0,0
2026-08-08,shackbaggerly,0,0
2026-08-08,side-eye,0,0
2026-08-08,sigma,0,0
2026-08-08,situationship,0,0
2026-08-08,skibidi,0,0
2026-08-08,skilamalink,0,0
2026-08-08,slang,0,0
2026-08-08,sus,0,0
2026-08-08,taradiddle,0,0
2026-08-08,the ick,0,0
2026-08-08,touch grass,0,0
2026-08-08,uglyography,0,0
2026-08-08,unc,0,0
2026-08-08,wagwan,0,0
2026-08-08,wisenheimer,0,0
2026-08-08,zang,0,0
2026-08-08,zounds,0,0
2026-08-09,404 coded,0,0
2026-08-09,6-7,0,0
2026-08-09,absquatulate,0,0
2026-08-09,afternoonified,0,0
2026-08-09,algo-speak,0,0
2026-08-09,ate,0,0
2026-08-09,aura,0,0
2026-08-09,aura farming,0,0
2026-08-09,based,0,0
2026-08-09,bed rotting,0,0
2026-08-09,bee's knees,0,0
2026-08-09,beige flag,0,0
2026-08-09,blotto,0,0
2026-08-09,bop,0,0
2026-08-09,brainrot,0,0
2026-08-09,cap,0,0
2026-08-09,cattywampus,0,0
2026-08-09,caught in 4k,0,0
2026-08-09,choppelganger,0,0
2026-08-09,cooked,0,0
2026-08-09,crash out,0,0
2026-08-09,dandy,0,0
2026-08-09,dead soldier,0,0
2026-08-09,delulu,0,0
2026-08-09,drip,0,0
2026-08-09,dropping lore,0,0
2026-08-09,duck soup,0,0
2026-08-09,ends,0,0
2026-08-09,fanum tax,0,0
2026-08-09,flapper,0,0
2026-08-09,flummadiddle,0,0
2026-08-09,gassed,0,0
2026-08-09,ghosting,0,0
2026-08-09,giggle water,0,0
2026-08-09,gigglemug,0,0
2026-08-09,glad rags,0,0
2026-08-09,glazing,0,0
2026-08-09,got the morbs,0,0
2026-08-09,groovy,0,0
2026-08-09,gyatt,0,0
2026-08-09,hard pass,0,0
2026-08-09,hawkshaw,0,0
2026-08-09,hoosegow,0,0
2026-08-09,htn,0,0
2026-08-09,humbuggery,0,0
2026-08-09,huzz,0,0
2026-08-09,innit,0,0
2026-08-09,knackered,0,0
2026-08-09,lit,0,0
2026-08-09,lowkenuinely,0,0
2026-08-09,mandem,0,0
2026-08-09,mewing,0,0
2026-08-09,mogging,0,0
2026-08-09,mooncalf,0,0
2026-08-09,nanty narking,0,0
2026-08-09,peng,0,0
2026-08-09,phat,0,0
2026-08-09,quid,0,0
2026-08-09,ragebait,0,0
2026-08-09,rapscallion,0,0
2026-08-09,rich in life,0,0
2026-08-09,rizz,0,0
2026-08-09,salty,0,0
2026-08-09,serving,0,0
2026-08-09,shackbaggerly,0,0
2026-08-09,side-eye,0,0
2026-08-09,sigma,0,0
2026-08-09,situationship,0,0
2026-08-09,skibidi,0,0
2026-08-09,skilamalink,0,0
2026-08-09,slang,0,0
2026-08-09,sus,0,0
2026-08-09,taradiddle,0,0
2026-08-09,the ick,0,0
2026-08-09,touch grass,0,0
2026-08-09,uglyography,0,0
2026-08-09,unc,0,0
2026-08-09,wagwan,0,0
2026-08-09,wisenheimer,0,0
2026-08-09,zang,0,0
2026-08-09,zounds,0,0
2026-08-10,404 coded,0,0
2026-08-10,6-7,0,0
2026-08-10,absquatulate,0,0
2026-08-10,afternoonified,0,0
2026-08-10,algo-speak,0,0
2026-08-10,ate,0,0
2026-08-10,aura,0,0
2026-08-10,aura farming,0,0
2026-08-10,based,0,0
2026-08-10,bed rotting,0,0
2026-08-10,bee's knees,0,0
2026-08-10,beige flag,0,0
2026-08-10,blotto,0,0
2026-08-10,bop,0,0
2026-08-10,brainrot,0,0
2026-08-10,cap,0,0
2026-08-10,cattywampus,0,0
2026-08-10,caught in 4k,0,0
2026-08-10,choppelganger,0,0
2026-08-10,cooked,0,0
2026-08-10,crash out,0,0
2026-08-10,dandy,0,0
2026-08-10,dead soldier,0,0
2026-08-10,delulu,0,0
2026-08-10,drip,0,0
2026-08-10,dropping lore,0,0
2026-08-10,duck soup,0,0
2026-08-10,ends,0,0
2026-08-10,fanum tax,0,0
2026-08-10,flapper,0,0
2026-08-10,flummadiddle,0,0
2026-08-10,gassed,0,0
2026-08-10,ghosting,0,0
2026-08-10,giggle water,0,0
2026-08-10,gigglemug,0,0
2026-08-10,glad rags,0,0
2026-08-10,glazing,0,0
2026-08-10,got the morbs,0,0
2026-08-10,groovy,0,0
2026-08-10,gyatt,0,0
2026-08-10,hard pass,0,0
2026-08-10,hawkshaw,0,0
2026-08-10,hoosegow,0,0
2026-08-10,htn,0,0
2026-08-10,humbuggery,0,0
2026-08-10,huzz,0,0
2026-08-10,innit,0,0
2026-08-10,knackered,0,0
2026-08-10,lit,0,0
2026-08-10,lowkenuinely,0,0
2026-08-10,mandem,0,0
2026-08-10,mewing,0,0
2026-08-10,mogging,0,0
2026-08-10,mooncalf,0,0
2026-08-10,nanty narking,0,0
2026-08-10,peng,0,0
2026-08-10,phat,0,0
2026-08-10,quid,0,0
2026-08-10,ragebait,0,0
2026-08-10,rapscallion,0,0
2026-08-10,rich in life,0,0
2026-08-10,rizz,0,0
2026-08-10,salty,0,0
2026-08-10,serving,0,0
2026-08-10,shackbaggerly,0,0
2026-08-10,side-eye,0,0
2026-08-10,sigma,0,0
2026-08-10,situationship,0,0
2026-08-10,skibidi,0,0
2026-08-10,skilamalink,0,0
2026-08-10,slang,0,0
2026-08-10,sus,0,0
2026-08-10,taradiddle,0,0
2026-08-10,the ick,0,0
2026-08-10,touch grass,0,0
2026-08-10,uglyography,0,0
2026-08-10,unc,0,0
2026-08-10,wagwan,0,0
2026-08-10,wisenheimer,0,0
2026-08-10,zang,0,0
2026-08-10,zounds,0,0
2026-08-11,404 coded,0,0
2026-08-11,6-7,0,0
2026-08-11,absquatulate,0,0
2026-08-11,afternoonified,0,0
2026-08-11,algo-speak,0,0
2026-08-11,ate,0,0
2026-08-11,aura,0,0
2026-08-11,aura farming,0,0
2026-08-11,based,0,0
2026-08-11,bed rotting,0,0
2026-08-11,bee's knees,0,0
2026-08-11,beige flag,0,0
2026-08-11,blotto,0,0
2026-08-11,bop,0,0
2026-08-11,brainrot,0,0
2026-08-11,cap,0,0
2026-08-11,cattywampus,0,0
2026-08-11,caught in 4k,0,0
2026-08-11,choppelganger,0,0
2026-08-11,cooked,0,0
2026-08-11,crash out,0,0
2026-08-11,dandy,0,0
2026-08-11,dead soldier,0,0
2026-08-11,delulu,0,0
2026-08-11,drip,0,0
2026-08-11,dropping lore,0,0
2026-08-11,duck soup,0,0
2026-08-11,ends,0,0
2026-08-11,fanum tax,0,0
2026-08-11,flapper,0,0
2026-08-11,flummadiddle,0,0
2026-08-11,gassed,0,0
2026-08-11,ghosting,0,0
2026-08-11,giggle water,0,0
2026-08-11,gigglemug,0,0
2026-08-11,glad rags,0,0
2026-08-11,glazing,0,0
2026-08-11,got the morbs,0,0
2026-08-11,groovy,0,0
2026-08-11,gyatt,0,0
2026-08-11,hard pass,0,0
2026-08-11,hawkshaw,0,0
2026-08-11,hoosegow,0,0
2026-08-11,htn,0,0
2026-08-11,humbuggery,0,0
2026-08-11,huzz,0,0
2026-08-11,innit,0,0
2026-08-11,knackered,0,0
2026-08-11,lit,0,0
2026-08-11,lowkenuinely,0,0
2026-08-11,mandem,0,0
2026-08-11,mewing,0,0
2026-08-11,mogging,0,0
2026-08-11,mooncalf,0,0
2026-08-11,nanty narking,0,0
2026-08-11,peng,0,0
2026-08-11,phat,0,0
2026-08-11,quid,0,0
2026-08-11,ragebait,0,0
2026-08-11,rapscallion,0,0
2026-08-11,rich in life,0,0
2026-08-11,rizz,0,0
2026-08-11,salty,0,0
2026-08-11,serving,0,0
2026-08-11,shackbaggerly,0,0
2026-08-11,side-eye,0,0
2026-08-11,sigma,0,0
2026-08-11,situationship,0,0
2026-08-11,skibidi,0,0
2026-08-11,skilamalink,0,0
2026-08-11,slang,0,0
2026-08-11,sus,0,0
2026-08-11,taradiddle,0,0
2026-08-11,the ick,0,0
2026-08-11,touch grass,0,0
2026-08-11,uglyography,0,0
2026-08-11,unc,0,0
2026-08-11,wagwan,0,0
2026-08-11,wisenheimer,0,0
2026-08-11,zang,0,0
2026-08-11,zounds,0,0
2026-08-12,404 coded,0,0
2026-08-12,6-7,0,0
2026-08-12,absquatulate,0,0
2026-08-12,afternoonified,0,0
2026-08-12,algo-speak,0,0
2026-08-12,ate,0,0
2026-08-12,aura,0,0
2026-08-12,aura farming,0,0
2026-08-12,based,0,0
2026-08-12,bed rotting,0,0
2026-08-12,bee's knees,0,0
2026-08-12,beige flag,0,0
2026-08-12,blotto,0,0
2026-08-12,bop,0,0
2026-08-12,brainrot,0,0
2026-08-12,cap,0,0
2026-08-12,cattywampus,0,0
2026-08-12,caught in 4k,0,0
2026-08-12,choppelganger,0,0
2026-08-12,cooked,0,0
2026-08-12,crash out,0,0
2026-08-12,dandy,0,0
2026-08-12,dead soldier,0,0
2026-08-12,delulu,0,0
2026-08-12,drip,0,0
2026-08-12,dropping lore,0,0
2026-08-12,duck soup,0,0
2026-08-12,ends,0,0
2026-08-12,fanum tax,0,0
2026-08-12,flapper,0,0
2026-08-12,flummadiddle,0,0
2026-08-12,gassed,0,0
2026-08-12,ghosting,0,0
2026-08-12,giggle water,0,0
2026-08-12,gigglemug,0,0
2026-08-12,glad rags,0,0
2026-08-12,glazing,0,0
2026-08-12,got the morbs,0,0
2026-08-12,groovy,0,0
2026-08-12,gyatt,0,0
2026-08-12,hard pass,0,0
2026-08-12,hawkshaw,0,0
2026-08-12,hoosegow,0,0
2026-08-12,htn,0,0
2026-08-12,humbuggery,0,0
2026-08-12,huzz,0,0
2026-08-12,innit,0,0
2026-08-12,knackered,0,0
2026-08-12,lit,0,0
2026-08-12,lowkenuinely,0,0
2026-08-12,mandem,0,0
2026-08-12,mewing,0,0
2026-08-12,mogging,0,0
2026-08-12,mooncalf,0,0
2026-08-12,nanty narking,0,0
2026-08-12,peng,0,0
2026-08-12,phat,0,0
2026-08-12,quid,0,0
2026-08-12,ragebait,0,0
2026-08-12,rapscallion,0,0
2026-08-12,rich in life,0,0
2026-08-12,rizz,0,0
2026-08-12,salty,0,0
2026-08-12,serving,0,0
2026-08-12,shackbaggerly,0,0
2026-08-12,side-eye,0,0
2026-08-12,sigma,0,0
2026-08-12,situationship,0,0
2026-08-12,skibidi,0,0
2026-08-12,skilamalink,0,0
2026-08-12,slang,0,0
2026-08-12,sus,0,0
2026-08-12,taradiddle,0,0
2026-08-12,the ick,0,0
2026-08-12,touch grass,0,0
2026-08-12,uglyography,0,0
2026-08-12,unc,0,0
2026-08-12,wagwan,0,0
2026-08-12,wisenheimer,0,0
2026-08-12,zang,0,0
2026-08-12,zounds,0,0
2026-08-13,404 coded,0,0
2026-08-13,6-7,0,0
2026-08-13,absquatulate,0,0
2026-08-13,afternoonified,0,0
2026-08-13,algo-speak,0,0
2026-08-13,ate,0,0
2026-08-13,aura,0,0
2026-08-13,aura farming,0,0
2026-08-13,based,0,0
2026-08-13,bed rotting,0,0
2026-08-13,bee's knees,0,0
2026-08-13,beige flag,0,0
2026-08-13,blotto,0,0
2026-08-13,bop,0,0
2026-08-13,brainrot,0,0
2026-08-13,cap,0,0
2026-08-13,cattywampus,0,0
2026-08-13,caught in 4k,0,0
2026-08-13,choppelganger,0,0
2026-08-13,cooked,0,0
2026-08-13,crash out,0,0
2026-08-13,dandy,0,0
2026-08-13,dead soldier,0,0
2026-08-13,delulu,0,0
2026-08-13,drip,0,0
2026-08-13,dropping lore,0,0
2026-08-13,duck soup,0,0
2026-08-13,ends,0,0
2026-08-13,fanum tax,0,0
2026-08-13,flapper,0,0
2026-08-13,flummadiddle,0,0
2026-08-13,gassed,0,0
2026-08-13,ghosting,0,0
2026-08-13,giggle water,0,0
2026-08-13,gigglemug,0,0
2026-08-13,glad rags,0,0
2026-08-13,glazing,0,0
2026-08-13,got the morbs,0,0
2026-08-13,groovy,0,0
2026-08-13,gyatt,0,0
2026-08-13,hard pass,0,0
2026-08-13,hawkshaw,0,0
2026-08-13,hoosegow,0,0
2026-08-13,htn,0,0
2026-08-13,humbuggery,0,0
2026-08-13,huzz,0,0
2026-08-13,innit,0,0
2026-08-13,knackered,0,0
2026-08-13,lit,0,0
2026-08-13,lowkenuinely,0,0
2026-08-13,mandem,0,0
2026-08-13,mewing,0,0
2026-08-13,mogging,0,0
2026-08-13,mooncalf,0,0
2026-08-13,nanty narking,0,0
2026-08-13,peng,0,0
2026-08-13,phat,0,0
2026-08-13,quid,0,0
2026-08-13,ragebait,0,0
2026-08-13,rapscallion,0,0
2026-08-13,rich in life,0,0
2026-08-13,rizz,0,0
2026-08-13,salty,0,0
2026-08-13,serving,0,0
2026-08-13,shackbaggerly,0,0
2026-08-13,side-eye,0,0
2026-08-13,sigma,0,0
2026-08-13,situationship,0,0
2026-08-13,skibidi,0,0
2026-08-13,skilamalink,0,0
2026-08-13,slang,0,0
2026-08-13,sus,0,0
2026-08-13,taradiddle,0,0
2026-08-13,the ick,0,0
2026-08-13,touch grass,0,0
2026-08-13,uglyography,0,0
2026-08-13,unc,0,0
2026-08-13,wagwan,0,0
2026-08-13,wisenheimer,0,0
2026-08-13,zang,0,0
2026-08-13,zounds,0,0
2026-08-14,404 coded,0,0
2026-08-14,6-7,0,0
2026-08-14,absquatulate,0,0
2026-08-14,afternoonified,0,0
2026-08-14,algo-speak,0,0
2026-08-14,ate,0,0
2026-08-14,aura,0,0
2026-08-14,aura farming,0,0
2026-08-14,based,0,0
2026-08-14,bed rotting,0,0
2026-08-14,bee's knees,0,0
2026-08-14,beige flag,0,0
2026-08-14,blotto,0,0
2026-08-14,bop,0,0
2026-08-14,brainrot,0,0
2026-08-14,cap,0,0
2026-08-14,cattywampus,0,0
2026-08-14,caught in 4k,0,0
2026-08-14,choppelganger,0,0
2026-08-14,cooked,0,0
2026-08-14,crash out,0,0
2026-08-14,dandy,0,0
2026-08-14,dead soldier,0,0
2026-08-14,delulu,0,0
2026-08-14,drip,0,0
2026-08-14,dropping lore,0,0
2026-08-14,duck soup,0,0
2026-08-14,ends,0,0
2026-08-14,fanum tax,0,0
2026-08-14,flapper,0,0
2026-08-14,flummadiddle,0,0
2026-08-14,gassed,0,0
2026-08-14,ghosting,0,0
2026-08-14,giggle water,0,0
2026-08-14,gigglemug,0,0
2026-08-14,glad rags,0,0
2026-08-14,glazing,0,0
2026-08-14,got the morbs,0,0
2026-08-14,groovy,0,0
2026-08-14,gyatt,0,0
2026-08-14,hard pass,0,0
2026-08-14,hawkshaw,0,0
2026-08-14,hoosegow,0,0
2026-08-14,htn,0,0
2026-08-14,humbuggery,0,0
2026-08-14,huzz,0,0
2026-08-14,innit,0,0
2026-08-14,knackered,0,0
2026-08-14,lit,0,0
2026-08-14,lowkenuinely,0,0
2026-08-14,mandem,0,0
2026-08-14,mewing,0,0
2026-08-14,mogging,0,0
2026-08-14,mooncalf,0,0
2026-08-14,nanty narking,0,0
2026-08-14,peng,0,0
2026-08-14,phat,0,0
2026-08-14,quid,0,0
2026-08-14,ragebait,0,0
2026-08-14,rapscallion,0,0
2026-08-14,rich in life,0,0
2026-08-14,rizz,0,0
2026-08-14,salty,0,0
2026-08-14,serving,0,0
2026-08-14,shackbaggerly,0,0
2026-08-14,side-eye,0,0
2026-08-14,sigma,0,0
2026-08-14,situationship,0,0
2026-08-14,skibidi,0,0
2026-08-14,skilamalink,0,0
2026-08-14,slang,0,0
2026-08-14,sus,0,0
2026-08-14,taradiddle,0,0
2026-08-14,the ick,0,0
2026-08-14,touch grass,0,0
2026-08-14,uglyography,0,0
2026-08-14,unc,0,0
2026-08-14,wagwan,0,0
2026-08-14,wisenheimer,0,0
2026-08-14,zang,0,0
2026-08-14,zounds,0,0
2026-08-15,404 coded,0,0
2026-08-15,6-7,0,0
2026-08-15,absquatulate,0,0
2026-08-15,afternoonified,0,0
2026-08-15,algo-speak,0,0
2026-08-15,ate,0,0
2026-08-15,aura,0,0
2026-08-15,aura farming,0,0
2026-08-15,based,0,0
2026-08-15,bed rotting,0,0
2026-08-15,bee's knees,0,0
2026-08-15,beige flag,0,0
2026-08-15,blotto,0,0
2026-08-15,bop,0,0
2026-08-15,brainrot,0,0
2026-08-15,cap,0,0
2026-08-15,cattywampus,0,0
2026-08-15,caught in 4k,0,0
2026-08-15,choppelganger,0,0
2026-08-15,cooked,0,0
2026-08-15,crash out,0,0
2026-08-15,dandy,0,0
2026-08-15,dead soldier,0,0
2026-08-15,delulu,0,0
2026-08-15,drip,0,0
2026-08-15,dropping lore,0,0
2026-08-15,duck soup,0,0
2026-08-15,ends,0,0
2026-08-15,fanum tax,0,0
2026-08-15,flapper,0,0
2026-08-15,flummadiddle,0,0
2026-08-15,gassed,0,0
2026-08-15,ghosting,0,0
2026-08-15,giggle water,0,0
2026-08-15,gigglemug,0,0
2026-08-15,glad rags,0,0
2026-08-15,glazing,0,0
2026-08-15,got the morbs,0,0
2026-08-15,groovy,0,0
2026-08-15,gyatt,0,0
2026-08-15,hard pass,0,0
2026-08-15,hawkshaw,0,0
2026-08-15,hoosegow,0,0
2026-08-15,htn,0,0
2026-08-15,humbuggery,0,0
2026-08-15,huzz,0,0
2026-08-15,innit,0,0
2026-08-15,knackered,0,0
2026-08-15,lit,0,0
2026-08-15,lowkenuinely,0,0
2026-08-15,mandem,0,0
2026-08-15,mewing,0,0
2026-08-15,mogging,0,0
2026-08-15,mooncalf,0,0
2026-08-15,nanty narking,0,0
2026-08-15,peng,0,0
2026-08-15,phat,0,0
2026-08-15,quid,0,0
2026-08-15,ragebait,0,0
2026-08-15,rapscallion,0,0
2026-08-15,rich in life,0,0
2026-08-15,rizz,0,0
2026-08-15,salty,0,0
2026-08-15,serving,0,0
2026-08-15,shackbaggerly,0,0
2026-08-15,side-eye,0,0
2026-08-15,sigma,0,0
2026-08-15,situationship,0,0
2026-08-15,skibidi,0,0
2026-08-15,skilamalink,0,0
2026-08-15,slang,0,0
2026-08-15,sus,0,0
2026-08-15,taradiddle,0,0
2026-08-15,the ick,0,0
2026-08-15,touch grass,0,0
2026-08-15,uglyography,0,0
2026-08-15,unc,0,0
2026-08-15,wagwan,0,0
2026-08-15,wisenheimer,0,0
2026-08-15,zang,0,0
2026-08-15,zounds,0,0
2026-08-16,404 coded,0,0
2026-08-16,6-7,0,0
2026-08-16,absquatulate,0,0
2026-08-16,afternoonified,0,0
2026-08-16,algo-speak,0,0
2026-08-16,ate,0,0
2026-08-16,aura,0,0
2026-08-16,aura farming,0,0
2026-08-16,based,0,0
2026-08-16,bed rotting,0,0
2026-08-16,bee's knees,0,0
2026-08-16,beige flag,0,0
2026-08-16,blotto,0,0
2026-08-16,bop,0,0
2026-08-16,brainrot,0,0
2026-08-16,cap,0,0
2026-08-16,cattywampus,0,0
2026-08-16,caught in 4k,0,0
2026-08-16,choppelganger,0,0
2026-08-16,cooked,0,0
2026-08-16,crash out,0,0
2026-08-16,dandy,0,0
2026-08-16,dead soldier,0,0
2026-08-16,delulu,0,0
2026-08-16,drip,0,0
2026-08-16,dropping lore,0,0
2026-08-16,duck soup,0,0
2026-08-16,ends,0,0
2026-08-16,fanum tax,0,0
2026-08-16,flapper,0,0
2026-08-16,flummadiddle,0,0
2026-08-16,gassed,0,0
2026-08-16,ghosting,0,0
2026-08-16,giggle water,0,0
2026-08-16,gigglemug,0,0
2026-08-16,glad rags,0,0
2026-08-16,glazing,0,0
2026-08-16,got the morbs,0,0
2026-08-16,groovy,0,0
2026-08-16,gyatt,0,0
2026-08-16,hard pass,0,0
2026-08-16,hawkshaw,0,0
2026-08-16,hoosegow,0,0
2026-08-16,htn,0,0
2026-08-16,humbuggery,0,0
2026-08-16,huzz,0,0
2026-08-16,innit,0,0
2026-08-16,knackered,0,0
2026-08-16,lit,0,0
2026-08-16,lowkenuinely,0,0
2026-08-16,mandem,0,0
2026-08-16,mewing,0,0
2026-08-16,mogging,0,0
2026-08-16,mooncalf,0,0
2026-08-16,nanty narking,0,0
2026-08-16,peng,0,0
2026-08-16,phat,0,0
2026-08-16,quid,0,0
2026-08-16,ragebait,0,0
2026-08-16,rapscallion,0,0
2026-08-16,rich in life,0,0
2026-08-16,rizz,0,0
2026-08-16,salty,0,0
2026-08-16,serving,0,0
2026-08-16,shackbaggerly,0,0
2026-08-16,side-eye,0,0
2026-08-16,sigma,0,0
2026-08-16,situationship,0,0
2026-08-16,skibidi,0,0
2026-08-16,skilamalink,0,0
2026-08-16,slang,0,0
2026-08-16,sus,0,0
2026-08-16,taradiddle,0,0
2026-08-16,the ick,0,0
2026-08-16,touch grass,0,0
2026-08-16,uglyography,0,0
2026-08-16,unc,0,0
2026-08-16,wagwan,0,0
2026-08-16,wisenheimer,0,0
2026-08-16,zang,0,0
2026-08-16,zounds,0,0
2026-08-17,404 coded,0,0
2026-08-17,6-7,0,0
2026-08-17,absquatulate,0,0
2026-08-17,afternoonified,0,0
2026-08-17,algo-speak,0,0
2026-08-17,ate,0,0
2026-08-17,aura,0,0
2026-08-17,aura farming,0,0
2026-08-17,based,0,0
2026-08-17,bed rotting,0,0
2026-08-17,bee's knees,0,0
2026-08-17,beige flag,0,0
2026-08-17,blotto,0,0
2026-08-17,bop,0,0
2026-08-17,brainrot,0,0
2026-08-17,cap,0,0
2026-08-17,cattywampus,0,0
2026-08-17,caught in 4k,0,0
2026-08-17,choppelganger,0,0
2026-08-17,cooked,0,0
2026-08-17,crash out,0,0
2026-08-17,dandy,0,0
2026-08-17,dead soldier,0,0
2026-08-17,delulu,0,0
2026-08-17,drip,0,0
2026-08-17,dropping lore,0,0
2026-08-17,duck soup,0,0
2026-08-17,ends,0,0
2026-08-17,fanum tax,0,0
2026-08-17,flapper,0,0
2026-08-17,flummadiddle,0,0
2026-08-17,gassed,0,0
2026-08-17,ghosting,0,0
2026-08-17,giggle water,0,0
2026-08-17,gigglemug,0,0
2026-08-17,glad rags,0,0
2026-08-17,glazing,0,0
2026-08-17,got the morbs,0,0
2026-08-17,groovy,0,0
2026-08-17,gyatt,0,0
2026-08-17,hard pass,0,0
2026-08-17,hawkshaw,0,0
2026-08-17,hoosegow,0,0
2026-08-17,htn,0,0
2026-08-17,humbuggery,0,0
2026-08-17,huzz,0,0
2026-08-17,innit,0,0
2026-08-17,knackered,0,0
2026-08-17,lit,0,0
2026-08-17,lowkenuinely,0,0
2026-08-17,mandem,0,0
2026-08-17,mewing,0,0
2026-08-17,mogging,0,0
2026-08-17,mooncalf,0,0
2026-08-17,nanty narking,0,0
2026-08-17,peng,0,0
2026-08-17,phat,0,0
2026-08-17,quid,0,0
2026-08-17,ragebait,0,0
2026-08-17,rapscallion,0,0
2026-08-17,rich in life,0,0
2026-08-17,rizz,0,0
2026-08-17,salty,0,0
2026-08-17,serving,0,0
2026-08-17,shackbaggerly,0,0
2026-08-17,side-eye,0,0
2026-08-17,sigma,0,0
2026-08-17,situationship,0,0
2026-08-17,skibidi,0,0
2026-08-17,skilamalink,0,0
2026-08-17,slang,0,0
2026-08-17,sus,0,0
2026-08-17,taradiddle,0,0
2026-08-17,the ick,0,0
2026-08-17,touch grass,0,0
2026-08-17,uglyography,0,0
2026-08-17,unc,0,0
2026-08-17,wagwan,0,0
2026-08-17,wisenheimer,0,0
2026-08-17,zang,0,0
2026-08-17,zounds,0,0
2026-08-18,404 coded,0,0
2026-08-18,6-7,0,0
2026-08-18,absquatulate,0,0
2026-08-18,afternoonified,0,0
2026-08-18,algo-speak,0,0
2026-08-18,ate,0,0
2026-08-18,aura,0,0
2026-08-18,aura farming,0,0
2026-08-18,based,0,0
2026-08-18,bed rotting,0,0
2026-08-18,bee's knees,0,0
2026-08-18,beige flag,0,0
2026-08-18,blotto,0,0
2026-08-18,bop,0,0
2026-08-18,brainrot,0,0
2026-08-18,cap,0,0
2026-08-18,cattywampus,0,0
2026-08-18,caught in 4k,0,0
2026-08-18,choppelganger,0,0
2026-08-18,cooked,0,0
2026-08-18,crash out,0,0
2026-08-18,dandy,0,0
2026-08-18,dead soldier,0,0
2026-08-18,delulu,0,0
2026-08-18,drip,0,0
2026-08-18,dropping lore,0,0
2026-08-18,duck soup,0,0
2026-08-18,ends,0,0
2026-08-18,fanum tax,0,0
2026-08-18,flapper,0,0
2026-08-18,flummadiddle,0,0
2026-08-18,gassed,0,0
2026-08-18,ghosting,0,0
2026-08-18,giggle water,0,0
2026-08-18,gigglemug,0,0
2026-08-18,glad rags,0,0
2026-08-18,glazing,0,0
2026-08-18,got the morbs,0,0
2026-08-18,groovy,0,0
2026-08-18,gyatt,0,0
2026-08-18,hard pass,0,0
2026-08-18,hawkshaw,0,0
2026-08-18,hoosegow,0,0
2026-08-18,htn,0,0
2026-08-18,humbuggery,0,0
2026-08-18,huzz,0,0
2026-08-18,innit,0,0
2026-08-18,knackered,0,0
2026-08-18,lit,0,0
2026-08-18,lowkenuinely,0,0
2026-08-18,mandem,0,0
2026-08-18,mewing,0,0
2026-08-18,mogging,0,0
2026-08-18,mooncalf,0,0
2026-08-18,nanty narking,0,0
2026-08-18,peng,0,0
2026-08-18,phat,0,0
2026-08-18,quid,0,0
2026-08-18,ragebait,0,0
2026-08-18,rapscallion,0,0
2026-08-18,rich in life,0,0
2026-08-18,rizz,0,0
2026-08-18,salty,0,0
2026-08-18,serving,0,0
2026-08-18,shackbaggerly,0,0
2026-08-18,side-eye,0,0
2026-08-18,sigma,0,0
2026-08-18,situationship,0,0
2026-08-18,skibidi,0,0
2026-08-18,skilamalink,0,0
2026-08-18,slang,0,0
2026-08-18,sus,0,0
2026-08-18,taradiddle,0,0
2026-08-18,the ick,0,0
2026-08-18,touch grass,0,0
2026-08-18,uglyography,0,0
2026-08-18,unc,0,0
2026-08-18,wagwan,0,0
2026-08-18,wisenheimer,0,0
2026-08-18,zang,0,0
2026-08-18,zounds,0,0
2026-08-19,404 coded,0,0
2026-08-19,6-7,0,0
2026-08-19,absquatulate,0,0
2026-08-19,afternoonified,0,0
2026-08-19,algo-speak,0,0
2026-08-19,ate,0,0
2026-08-19,aura,0,0
2026-08-19,aura farming,0,0
2026-08-19,based,0,0
2026-08-19,bed rotting,0,0
2026-08-19,bee's knees,0,0
2026-08-19,beige flag,0,0
2026-08-19,blotto,0,0
2026-08-19,bop,0,0
2026-08-19,brainrot,0,0
2026-08-19,cap,0,0
2026-08-19,cattywampus,0,0
2026-08-19,caught in 4k,0,0
2026-08-19,choppelganger,0,0
2026-08-19,cooked,0,0
2026-08-19,crash out,0,0
2026-08-19,dandy,0,0
2026-08-19,dead soldier,0,0
2026-08-19,delulu,0,0
2026-08-19,drip,0,0
2026-08-19,dropping lore,0,0
2026-08-19,duck soup,0,0
2026-08-19,ends,0,0
2026-08-19,fanum tax,0,0
2026-08-19,flapper,0,0
2026-08-19,flummadiddle,0,0
2026-08-19,gassed,0,0
2026-08-19,ghosting,0,0
2026-08-19,giggle water,0,0
2026-08-19,gigglemug,0,0
2026-08-19,glad rags,0,0
2026-08-19,glazing,0,0
2026-08-19,got the morbs,0,0
2026-08-19,groovy,0,0
2026-08-19,gyatt,0,0
2026-08-19,hard pass,0,0
2026-08-19,hawkshaw,0,0
2026-08-19,hoosegow,0,0
2026-08-19,htn,0,0
2026-08-19,humbuggery,0,0
2026-08-19,huzz,0,0
2026-08-19,innit,0,0
2026-08-19,knackered,0,0
2026-08-19,lit,0,0
2026-08-19,lowkenuinely,0,0
2026-08-19,mandem,0,0
2026-08-19,mewing,0,0
2026-08-19,mogging,0,0
2026-08-19,mooncalf,0,0
2026-08-19,nanty narking,0,0
2026-08-19,peng,0,0
2026-08-19,phat,0,0
2026-08-19,quid,0,0
2026-08-19,ragebait,0,0
2026-08-19,rapscallion,0,0
2026-08-19,rich in life,0,0
2026-08-19,rizz,0,0
2026-08-19,salty,0,0
2026-08-19,serving,0,0
2026-08-19,shackbaggerly,0,0
2026-08-19,side-eye,0,0
2026-08-19,sigma,0,0
2026-08-19,situationship,0,0
2026-08-19,skibidi,0,0
2026-08-19,skilamalink,0,0
2026-08-19,slang,0,0
2026-08-19,sus,0,0
2026-08-19,taradiddle,0,0
2026-08-19,the ick,0,0
2026-08-19,touch grass,0,0
2026-08-19,uglyography,0,0
2026-08-19,unc,0,0
2026-08-19,wagwan,0,0
2026-08-19,wisenheimer,0,0
2026-08-19,zang,0,0
2026-08-19,zounds,0,0
2026-08-20,404 coded,0,0
2026-08-20,6-7,0,0
2026-08-20,absquatulate,0,0
2026-08-20,afternoonified,0,0
2026-08-20,algo-speak,0,0
2026-08-20,ate,0,0
2026-08-20,aura,0,0
2026-08-20,aura farming,0,0
2026-08-20,based,0,0
2026-08-20,bed rotting,0,0
2026-08-20,bee's knees,0,0
2026-08-20,beige flag,0,0
2026-08-20,blotto,0,0
2026-08-20,bop,0,0
2026-08-20,brainrot,0,0
2026-08-20,cap,0,0
2026-08-20,cattywampus,0,0
2026-08-20,caught in 4k,0,0
2026-08-20,choppelganger,0,0
2026-08-20,cooked,0,0
2026-08-20,crash out,0,0
2026-08-20,dandy,0,0
2026-08-20,dead soldier,0,0
2026-08-20,delulu,0,0
2026-08-20,drip,0,0
2026-08-20,dropping lore,0,0
2026-08-20,duck soup,0,0
2026-08-20,ends,0,0
2026-08-20,fanum tax,0,0
2026-08-20,flapper,0,0
2026-08-20,flummadiddle,0,0
2026-08-20,gassed,0,0
2026-08-20,ghosting,0,0
2026-08-20,giggle water,0,0
2026-08-20,gigglemug,0,0
2026-08-20,glad rags,0,0
2026-08-20,glazing,0,0
2026-08-20,got the morbs,0,0
2026-08-20,groovy,0,0
2026-08-20,gyatt,0,0
2026-08-20,hard pass,0,0
2026-08-20,hawkshaw,0,0
2026-08-20,hoosegow,0,0
2026-08-20,htn,0,0
2026-08-20,humbuggery,0,0
2026-08-20,huzz,0,0
2026-08-20,innit,0,0
2026-08-20,knackered,0,0
2026-08-20,lit,0,0
2026-08-20,lowkenuinely,0,0
2026-08-20,mandem,0,0
2026-08-20,mewing,0,0
2026-08-20,mogging,0,0
2026-08-20,mooncalf,0,0
2026-08-20,nanty narking,0,0
2026-08-20,peng,0,0
2026-08-20,phat,0,0
2026-08-20,quid,0,0
2026-08-20,ragebait,0,0
2026-08-20,rapscallion,0,0
2026-08-20,rich in life,0,0
2026-08-20,rizz,0,0
2026-08-20,salty,0,0
2026-08-20,serving,0,0
2026-08-20,shackbaggerly,0,0
2026-08-20,side-eye,0,0
2026-08-20,sigma,0,0
2026-08-20,situationship,0,0
2026-08-20,skibidi,0,0
2026-08-20,skilamalink,0,0
2026-08-20,slang,0,0
2026-08-20,sus,0,0
2026-08-20,taradiddle,0,0
2026-08-20,the ick,0,0
2026-08-20,touch grass,0,0
2026-08-20,uglyography,0,0
2026-08-20,unc,0,0
2026-08-20,wagwan,0,0
2026-08-20,wisenheimer,0,0
2026-08-20,zang,0,0
2026-08-20,zounds,0,0
2026-08-21,404 coded,0,0
2026-08-21,6-7,0,0
2026-08-21,absquatulate,0,0
2026-08-21,afternoonified,0,0
2026-08-21,algo-speak,0,0
2026-08-21,ate,0,0
2026-08-21,aura,0,0
2026-08-21,aura farming,0,0
2026-08-21,based,0,0
2026-08-21,bed rotting,0,0
2026-08-21,bee's knees,0,0
2026-08-21,beige flag,0,0
2026-08-21,blotto,0,0
2026-08-21,bop,0,0
2026-08-21,brainrot,0,0
2026-08-21,cap,0,0
2026-08-21,cattywampus,0,0
2026-08-21,caught in 4k,0,0
2026-08-21,choppelganger,0,0
2026-08-21,cooked,0,0
2026-08-21,crash out,0,0
2026-08-21,dandy,0,0
2026-08-21,dead soldier,0,0
2026-08-21,delulu,0,0
2026-08-21,drip,0,0
2026-08-21,dropping lore,0,0
2026-08-21,duck soup,0,0
2026-08-21,ends,0,0
2026-08-21,fanum tax,0,0
2026-08-21,flapper,0,0
2026-08-21,flummadiddle,0,0
2026-08-21,gassed,0,0
2026-08-21,ghosting,0,0
2026-08-21,giggle water,0,0
2026-08-21,gigglemug,0,0
2026-08-21,glad rags,0,0
2026-08-21,glazing,0,0
2026-08-21,got the morbs,0,0
2026-08-21,groovy,0,0
2026-08-21,gyatt,0,0
2026-08-21,hard pass,0,0
2026-08-21,hawkshaw,0,0
2026-08-21,hoosegow,0,0
2026-08-21,htn,0,0
2026-08-21,humbuggery,0,0
2026-08-21,huzz,0,0
2026-08-21,innit,0,0
2026-08-21,knackered,0,0
2026-08-21,lit,0,0
2026-08-21,lowkenuinely,0,0
2026-08-21,mandem,0,0
2026-08-21,mewing,0,0
2026-08-21,mogging,0,0
2026-08-21,mooncalf,0,0
2026-08-21,nanty narking,0,0
2026-08-21,peng,0,0
2026-08-21,phat,0,0
2026-08-21,quid,0,0
2026-08-21,ragebait,0,0
2026-08-21,rapscallion,0,0
2026-08-21,rich in life,0,0
2026-08-21,rizz,0,0
2026-08-21,salty,0,0
2026-08-21,serving,0,0
2026-08-21,shackbaggerly,0,0
2026-08-21,side-eye,0,0
2026-08-21,sigma,0,0
2026-08-21,situationship,0,0
2026-08-21,skibidi,0,0
2026-08-21,skilamalink,0,0
2026-08-21,slang,0,0
2026-08-21,sus,0,0
2026-08-21,taradiddle,0,0
2026-08-21,the ick,0,0
2026-08-21,touch grass,0,0
2026-08-21,uglyography,0,0
2026-08-21,unc,0,0
2026-08-21,wagwan,0,0
2026-08-21,wisenheimer,0,0
2026-08-21,zang,0,0
2026-08-21,zounds,0,0
2026-08-22,404 coded,0,0
2026-08-22,6-7,0,0
2026-08-22,absquatulate,0,0
2026-08-22,afternoonified,0,0
2026-08-22,algo-speak,0,0
2026-08-22,ate,0,0
2026-08-22,aura,0,0
2026-08-22,aura farming,0,0
2026-08-22,based,0,0
2026-08-22,bed rotting,0,0
2026-08-22,bee's knees,0,0
2026-08-22,beige flag,0,0
2026-08-22,blotto,0,0
2026-08-22,bop,0,0
2026-08-22,brainrot,0,0
2026-08-22,cap,0,0
2026-08-22,cattywampus,0,0
2026-08-22,caught in 4k,0,0
2026-08-22,choppelganger,0,0
2026-08-22,cooked,0,0
2026-08-22,crash out,0,0
2026-08-22,dandy,0,0
2026-08-22,dead soldier,0,0
2026-08-22,delulu,0,0
2026-08-22,drip,0,0
2026-08-22,dropping lore,0,0
2026-08-22,duck soup,0,0
2026-08-22,ends,0,0
2026-08-22,fanum tax,0,0
2026-08-22,flapper,0,0
2026-08-22,flummadiddle,0,0
2026-08-22,gassed,0,0
2026-08-22,ghosting,0,0
2026-08-22,giggle water,0,0
2026-08-22,gigglemug,0,0
2026-08-22,glad rags,0,0
2026-08-22,glazing,0,0
2026-08-22,got the morbs,0,0
2026-08-22,groovy,0,0
2026-08-22,gyatt,0,0
2026-08-22,hard pass,0,0
2026-08-22,hawkshaw,0,0
2026-08-22,hoosegow,0,0
2026-08-22,htn,0,0
2026-08-22,humbuggery,0,0
2026-08-22,huzz,0,0
2026-08-22,innit,0,0
2026-08-22,knackered,0,0
2026-08-22,lit,0,0
2026-08-22,lowkenuinely,0,0
2026-08-22,mandem,0,0
2026-08-22,mewing,0,0
2026-08-22,mogging,0,0
2026-08-22,mooncalf,0,0
2026-08-22,nanty narking,0,0
2026-08-22,peng,0,0
2026-08-22,phat,0,0
2026-08-22,quid,0,0
2026-08-22,ragebait,0,0
2026-08-22,rapscallion,0,0
2026-08-22,rich in life,0,0
2026-08-22,rizz,0,0
2026-08-22,salty,0,0
2026-08-22,serving,0,0
2026-08-22,shackbaggerly,0,0
2026-08-22,side-eye,0,0
2026-08-22,sigma,0,0
2026-08-22,situationship,0,0
2026-08-22,skibidi,0,0
2026-08-22,skilamalink,0,0
2026-08-22,slang,0,0
2026-08-22,sus,0,0
2026-08-22,taradiddle,0,0
2026-08-22,the ick,0,0
2026-08-22,touch grass,0,0
2026-08-22,uglyography,0,0
2026-08-22,unc,0,0
2026-08-22,wagwan,0,0
2026-08-22,wisenheimer,0,0
2026-08-22,zang,0,0
2026-08-22,zounds,0,0
2026-08-23,404 coded,0,0
2026-08-23,6-7,0,0
2026-08-23,absquatulate,0,0
2026-08-23,afternoonified,0,0
2026-08-23,algo-speak,0,0
2026-08-23,ate,0,0
2026-08-23,aura,0,0
2026-08-23,aura farming,0,0
2026-08-23,based,0,0
2026-08-23,bed rotting,0,0
2026-08-23,bee's knees,0,0
2026-08-23,beige flag,0,0
2026-08-23,blotto,0,0
2026-08-23,bop,0,0
2026-08-23,brainrot,0,0
2026-08-23,cap,0,0
2026-08-23,cattywampus,0,0
2026-08-23,caught in 4k,0,0
2026-08-23,choppelganger,0,0
2026-08-23,cooked,0,0
2026-08-23,crash out,0,0
2026-08-23,dandy,0,0
2026-08-23,dead soldier,0,0
2026-08-23,delulu,0,0
2026-08-23,drip,0,0
2026-08-23,dropping lore,0,0
2026-08-23,duck soup,0,0
2026-08-23,ends,0,0
2026-08-23,fanum tax,0,0
2026-08-23,flapper,0,0
2026-08-23,flummadiddle,0,0
2026-08-23,gassed,0,0
2026-08-23,ghosting,0,0
2026-08-23,giggle water,0,0
2026-08-23,gigglemug,0,0
2026-08-23,glad rags,0,0
2026-08-23,glazing,0,0
2026-08-23,got the morbs,0,0
2026-08-23,groovy,0,0
2026-08-23,gyatt,0,0
2026-08-23,hard pass,0,0
2026-08-23,hawkshaw,0,0
2026-08-23,hoosegow,0,0
2026-08-23,htn,0,0
2026-08-23,humbuggery,0,0
2026-08-23,huzz,0,0
2026-08-23,innit,0,0
2026-08-23,knackered,0,0
2026-08-23,lit,0,0
2026-08-23,lowkenuinely,0,0
2026-08-23,mandem,0,0
2026-08-23,mewing,0,0
2026-08-23,mogging,0,0
2026-08-23,mooncalf,0,0
2026-08-23,nanty narking,0,0
2026-08-23,peng,0,0
2026-08-23,phat,0,0
2026-08-23,quid,0,0
2026-08-23,ragebait,0,0
2026-08-23,rapscallion,0,0
2026-08-23,rich in life,0,0
2026-08-23,rizz,0,0
2026-08-23,salty,0,0
2026-08-23,serving,0,0
2026-08-23,shackbaggerly,0,0
2026-08-23,side-eye,0,0
2026-08-23,sigma,0,0
2026-08-23,situationship,0,0
2026-08-23,skibidi,0,0
2026-08-23,skilamalink,0,0
2026-08-23,slang,0,0
2026-08-23,sus,0,0
2026-08-23,taradiddle,0,0
2026-08-23,the ick,0,0
2026-08-23,touch grass,0,0
2026-08-23,uglyography,0,0
2026-08-23,unc,0,0
2026-08-23,wagwan,0,0
2026-08-23,wisenheimer,0,0
2026-08-23,zang,0,0
2026-08-23,zounds,0,0
2026-08-24,404 coded,0,0
2026-08-24,6-7,0,0
2026-08-24,absquatulate,0,0
2026-08-24,afternoonified,0,0
2026-08-24,algo-speak,0,0
2026-08-24,ate,0,0
2026-08-24,aura,0,0
2026-08-24,aura farming,0,0
2026-08-24,based,0,0
2026-08-24,bed rotting,0,0
2026-08-24,bee's knees,0,0
2026-08-24,beige flag,0,0
2026-08-24,blotto,0,0
2026-08-24,bop,0,0
2026-08-24,brainrot,0,0
2026-08-24,cap,0,0
2026-08-24,cattywampus,0,0
2026-08-24,caught in 4k,0,0
2026-08-24,choppelganger,0,0
2026-08-24,cooked,0,0
2026-08-24,crash out,0,0
2026-08-24,dandy,0,0
2026-08-24,dead soldier,0,0
2026-08-24,delulu,0,0
2026-08-24,drip,0,0
2026-08-24,dropping lore,0,0
2026-08-24,duck soup,0,0
2026-08-24,ends,0,0
2026-08-24,fanum tax,0,0
2026-08-24,flapper,0,0
2026-08-24,flummadiddle,0,0
2026-08-24,gassed,0,0
2026-08-24,ghosting,0,0
2026-08-24,giggle water,0,0
2026-08-24,gigglemug,0,0
2026-08-24,glad rags,0,0
2026-08-24,glazing,0,0
2026-08-24,got the morbs,0,0
2026-08-24,groovy,0,0
2026-08-24,gyatt,0,0
2026-08-24,hard pass,0,0
2026-08-24,hawkshaw,0,0
2026-08-24,hoosegow,0,0
2026-08-24,htn,0,0
2026-08-24,humbuggery,0,0
2026-08-24,huzz,0,0
2026-08-24,innit,0,0
2026-08-24,knackered,0,0
2026-08-24,lit,0,0
2026-08-24,lowkenuinely,0,0
2026-08-24,mandem,0,0
2026-08-24,mewing,0,0
2026-08-24,mogging,0,0
2026-08-24,mooncalf,0,0
2026-08-24,nanty narking,0,0
2026-08-24,peng,0,0
2026-08-24,phat,0,0
2026-08-24,quid,0,0
2026-08-24,ragebait,0,0
2026-08-24,rapscallion,0,0
2026-08-24,rich in life,0,0
2026-08-24,rizz,0,0
2026-08-24,salty,0,0
2026-08-24,serving,0,0
2026-08-24,shackbaggerly,0,0
2026-08-24,side-eye,0,0
2026-08-24,sigma,0,0
2026-08-24,situationship,0,0
2026-08-24,skibidi,0,0
2026-08-24,skilamalink,0,0
2026-08-24,slang,0,0
2026-08-24,sus,0,0
2026-08-24,taradiddle,0,0
2026-08-24,the ick,0,0
2026-08-24,touch grass,0,0
2026-08-24,uglyography,0,0
2026-08-24,unc,0,0
2026-08-24,wagwan,0,0
2026-08-24,wisenheimer,0,0
2026-08-24,zang,0,0
2026-08-24,zounds,0,0
2026-08-25,404 coded,0,0
2026-08-25,6-7,0,0
2026-08-25,absquatulate,0,0
2026-08-25,afternoonified,0,0
2026-08-25,algo-speak,0,0
2026-08-25,ate,0,0
2026-08-25,aura,0,0
2026-08-25,aura farming,0,0
2026-08-25,based,0,0
2026-08-25,bed rotting,0,0
2026-08-25,bee's knees,0,0
2026-08-25,beige flag,0,0
2026-08-25,blotto,0,0
2026-08-25,bop,0,0
2026-08-25,brainrot,0,0
2026-08-25,cap,0,0
2026-08-25,cattywampus,0,0
2026-08-25,caught in 4k,0,0
2026-08-25,choppelganger,0,0
2026-08-25,cooked,0,0
2026-08-25,crash out,0,0
2026-08-25,dandy,0,0
2026-08-25,dead soldier,0,0
2026-08-25,delulu,0,0
2026-08-25,drip,0,0
2026-08-25,dropping lore,0,0
2026-08-25,duck soup,0,0
2026-08-25,ends,0,0
2026-08-25,fanum tax,0,0
2026-08-25,flapper,0,0
2026-08-25,flummadiddle,0,0
2026-08-25,gassed,0,0
2026-08-25,ghosting,0,0
2026-08-25,giggle water,0,0
2026-08-25,gigglemug,0,0
2026-08-25,glad rags,0,0
2026-08-25,glazing,0,0
2026-08-25,got the morbs,0,0
2026-08-25,groovy,0,0
2026-08-25,gyatt,0,0
2026-08-25,hard pass,0,0
2026-08-25,hawkshaw,0,0
2026-08-25,hoosegow,0,0
2026-08-25,htn,0,0
2026-08-25,humbuggery,0,0
2026-08-25,huzz,0,0
2026-08-25,innit,0,0
2026-08-25,knackered,0,0
2026-08-25,lit,0,0
2026-08-25,lowkenuinely,0,0
2026-08-25,mandem,0,0
2026-08-25,mewing,0,0
2026-08-25,mogging,0,0
2026-08-25,mooncalf,0,0
2026-08-25,nanty narking,0,0
2026-08-25,peng,0,0
2026-08-25,phat,0,0
2026-08-25,quid,0,0
2026-08-25,ragebait,0,0
2026-08-25,rapscallion,0,0
2026-08-25,rich in life,0,0
2026-08-25,rizz,0,0
2026-08-25,salty,0,0
2026-08-25,serving,0,0
2026-08-25,shackbaggerly,0,0
2026-08-25,side-eye,0,0
2026-08-25,sigma,0,0
2026-08-25,situationship,0,0
2026-08-25,skibidi,0,0
2026-08-25,skilamalink,0,0
2026-08-25,slang,0,0
2026-08-25,sus,0,0
2026-08-25,taradiddle,0,0
2026-08-25,the ick,0,0
2026-08-25,touch grass,0,0
2026-08-25,uglyography,0,0
2026-08-25,unc,0,0
2026-08-25,wagwan,0,0
2026-08-25,wisenheimer,0,0
2026-08-25,zang,0,0
2026-08-25,zounds,0,0
2026-08-26,404 coded,0,0
2026-08-26,6-7,0,0
2026-08-26,absquatulate,0,0
2026-08-26,afternoonified,0,0
2026-08-26,algo-speak,0,0
2026-08-26,ate,0,0
2026-08-26,aura,0,0
2026-08-26,aura farming,0,0
2026-08-26,based,0,0
2026-08-26,bed rotting,0,0
2026-08-26,bee's knees,0,0
2026-08-26,beige flag,0,0
2026-08-26,blotto,0,0
2026-08-26,bop,0,0
2026-08-26,brainrot,0,0
2026-08-26,cap,0,0
2026-08-26,cattywampus,0,0
2026-08-26,caught in 4k,0,0
2026-08-26,choppelganger,0,0
2026-08-26,cooked,0,0
2026-08-26,crash out,0,0
2026-08-26,dandy,0,0
2026-08-26,dead soldier,0,0
2026-08-26,delulu,0,0
2026-08-26,drip,0,0
2026-08-26,dropping lore,0,0
2026-08-26,duck soup,0,0
2026-08-26,ends,0,0
2026-08-26,fanum tax,0,0
2026-08-26,flapper,0,0
2026-08-26,flummadiddle,0,0
2026-08-26,gassed,0,0
2026-08-26,ghosting,0,0
2026-08-26,giggle water,0,0
2026-08-26,gigglemug,0,0
2026-08-26,glad rags,0,0
2026-08-26,glazing,0,0
2026-08-26,got the morbs,0,0
2026-08-26,groovy,0,0
2026-08-26,gyatt,0,0
2026-08-26,hard pass,0,0
2026-08-26,hawkshaw,0,0
2026-08-26,hoosegow,0,0
2026-08-26,htn,0,0
2026-08-26,humbuggery,0,0
2026-08-26,huzz,0,0
2026-08-26,innit,0,0
2026-08-26,knackered,0,0
2026-08-26,lit,0,0
2026-08-26,lowkenuinely,0,0
2026-08-26,mandem,0,0
2026-08-26,mewing,0,0
2026-08-26,mogging,0,0
2026-08-26,mooncalf,0,0
2026-08-26,nanty narking,0,0
2026-08-26,peng,0,0
2026-08-26,phat,0,0
2026-08-26,quid,0,0
2026-08-26,ragebait,0,0
2026-08-26,rapscallion,0,0
2026-08-26,rich in life,0,0
2026-08-26,rizz,0,0
2026-08-26,salty,0,0
2026-08-26,serving,0,0
2026-08-26,shackbaggerly,0,0
2026-08-26,side-eye,0,0
2026-08-26,sigma,0,0
2026-08-26,situationship,0,0
2026-08-26,skibidi,0,0
2026-08-26,skilamalink,0,0
2026-08-26,slang,0,0
2026-08-26,sus,0,0
2026-08-26,taradiddle,0,0
2026-08-26,the ick,0,0
2026-08-26,touch grass,0,0
2026-08-26,uglyography,0,0
2026-08-26,unc,0,0
2026-08-26,wagwan,0,0
2026-08-26,wisenheimer,0,0
2026-08-26,zang,0,0
2026-08-26,zounds,0,0
2026-08-27,404 coded,0,0
2026-08-27,6-7,0,0
2026-08-27,absquatulate,0,0
2026-08-27,afternoonified,0,0
2026-08-27,algo-speak,0,0
2026-08-27,ate,0,0
2026-08-27,aura,0,0
2026-08-27,aura farming,0,0
2026-08-27,based,0,0
2026-08-27,bed rotting,0,0
2026-08-27,bee's knees,0,0
2026-08-27,beige flag,0,0
2026-08-27,blotto,0,0
2026-08-27,bop,0,0
2026-08-27,brainrot,0,0
2026-08-27,cap,0,0
2026-08-27,cattywampus,0,0
2026-08-27,caught in 4k,0,0
2026-08-27,choppelganger,0,0
2026-08-27,cooked,0,0
2026-08-27,crash out,0,0
2026-08-27,dandy,0,0
2026-08-27,dead soldier,0,0
2026-08-27,delulu,0,0
2026-08-27,drip,0,0
2026-08-27,dropping lore,0,0
2026-08-27,duck soup,0,0
2026-08-27,ends,0,0
2026-08-27,fanum tax,0,0
2026-08-27,flapper,0,0
2026-08-27,flummadiddle,0,0
2026-08-27,gassed,0,0
2026-08-27,ghosting,0,0
2026-08-27,giggle water,0,0
2026-08-27,gigglemug,0,0
2026-08-27,glad rags,0,0
2026-08-27,glazing,0,0
2026-08-27,got the morbs,0,0
2026-08-27,groovy,0,0
2026-08-27,gyatt,0,0
2026-08-27,hard pass,0,0
2026-08-27,hawkshaw,0,0
2026-08-27,hoosegow,0,0
2026-08-27,htn,0,0
2026-08-27,humbuggery,0,0
2026-08-27,huzz,0,0
2026-08-27,innit,0,0
2026-08-27,knackered,0,0
2026-08-27,lit,0,0
2026-08-27,lowkenuinely,0,0
2026-08-27,mandem,0,0
2026-08-27,mewing,0,0
2026-08-27,mogging,0,0
2026-08-27,mooncalf,0,0
2026-08-27,nanty narking,0,0
2026-08-27,peng,0,0
2026-08-27,phat,0,0
2026-08-27,quid,0,0
2026-08-27,ragebait,0,0
2026-08-27,rapscallion,0,0
2026-08-27,rich in life,0,0
2026-08-27,rizz,0,0
2026-08-27,salty,0,0
2026-08-27,serving,0,0
2026-08-27,shackbaggerly,0,0
2026-08-27,side-eye,0,0
2026-08-27,sigma,0,0
2026-08-27,situationship,0,0
2026-08-27,skibidi,0,0
2026-08-27,skilamalink,0,0
2026-08-27,slang,0,0
2026-08-27,sus,0,0
2026-08-27,taradiddle,0,0
2026-08-27,the ick,0,0
2026-08-27,touch grass,0,0
2026-08-27,uglyography,0,0
2026-08-27,unc,0,0
2026-08-27,wagwan,0,0
2026-08-27,wisenheimer,0,0
2026-08-27,zang,0,0
2026-08-27,zounds,0,0
2026-08-28,404 coded,0,0
2026-08-28,6-7,0,0
2026-08-28,absquatulate,0,0
2026-08-28,afternoonified,0,0
2026-08-28,algo-speak,0,0
2026-08-28,ate,0,0
2026-08-28,aura,0,0
2026-08-28,aura farming,0,0
2026-08-28,based,0,0
2026-08-28,bed rotting,0,0
2026-08-28,bee's knees,0,0
2026-08-28,beige flag,0,0
2026-08-28,blotto,0,0
2026-08-28,bop,0,0
2026-08-28,brainrot,0,0
2026-08-28,cap,0,0
2026-08-28,cattywampus,0,0
2026-08-28,caught in 4k,0,0
2026-08-28,choppelganger,0,0
2026-08-28,cooked,0,0
2026-08-28,crash out,0,0
2026-08-28,dandy,0,0
2026-08-28,dead soldier,0,0
2026-08-28,delulu,0,0
2026-08-28,drip,0,0
2026-08-28,dropping lore,0,0
2026-08-28,duck soup,0,0
2026-08-28,ends,0,0
2026-08-28,fanum tax,0,0
2026-08-28,flapper,0,0
2026-08-28,flummadiddle,0,0
2026-08-28,gassed,0,0
2026-08-28,ghosting,0,0
2026-08-28,giggle water,0,0
2026-08-28,gigglemug,0,0
2026-08-28,glad rags,0,0
2026-08-28,glazing,0,0
2026-08-28,got the morbs,0,0
2026-08-28,groovy,0,0
2026-08-28,gyatt,0,0
2026-08-28,hard pass,0,0
2026-08-28,hawkshaw,0,0
2026-08-28,hoosegow,0,0
2026-08-28,htn,0,0
2026-08-28,humbuggery,0,0
2026-08-28,huzz,0,0
2026-08-28,innit,0,0
2026-08-28,knackered,0,0
2026-08-28,lit,0,0
2026-08-28,lowkenuinely,0,0
2026-08-28,mandem,0,0
2026-08-28,mewing,0,0
2026-08-28,mogging,0,0
2026-08-28,mooncalf,0,0
2026-08-28,nanty narking,0,0
2026-08-28,peng,0,0
2026-08-28,phat,0,0
2026-08-28,quid,0,0
2026-08-28,ragebait,0,0
2026-08-28,rapscallion,0,0
2026-08-28,rich in life,0,0
2026-08-28,rizz,0,0
2026-08-28,salty,0,0
2026-08-28,serving,0,0
2026-08-28,shackbaggerly,0,0
2026-08-28,side-eye,0,0
2026-08-28,sigma,0,0
2026-08-28,situationship,0,0
2026-08-28,skibidi,0,0
2026-08-28,skilamalink,0,0
2026-08-28,slang,0,0
2026-08-28,sus,0,0
2026-08-28,taradiddle,0,0
2026-08-28,the ick,0,0
2026-08-28,touch grass,0,0
2026-08-28,uglyography,0,0
2026-08-28,unc,0,0
2026-08-28,wagwan,0,0
2026-08-28,wisenheimer,0,0
2026-08-28,zang,0,0
2026-08-28,zounds,0,0
2026-08-29,404 coded,0,0
2026-08-29,6-7,0,0
2026-08-29,absquatulate,0,0
2026-08-29,afternoonified,0,0
2026-08-29,algo-speak,0,0
2026-08-29,ate,0,0
2026-08-29,aura,0,0
2026-08-29,aura farming,0,0
2026-08-29,based,0,0
2026-08-29,bed rotting,0,0
2026-08-29,bee's knees,0,0
2026-08-29,beige flag,0,0
2026-08-29,blotto,0,0
2026-08-29,bop,0,0
2026-08-29,brainrot,0,0
2026-08-29,cap,0,0
2026-08-29,cattywampus,0,0
2026-08-29,caught in 4k,0,0
2026-08-29,choppelganger,0,0
2026-08-29,cooked,0,0
2026-08-29,crash out,0,0
2026-08-29,dandy,0,0
2026-08-29,dead soldier,0,0
2026-08-29,delulu,0,0
2026-08-29,drip,0,0
2026-08-29,dropping lore,0,0
2026-08-29,duck soup,0,0
2026-08-29,ends,0,0
2026-08-29,fanum tax,0,0
2026-08-29,flapper,0,0
2026-08-29,flummadiddle,0,0
2026-08-29,gassed,0,0
2026-08-29,ghosting,0,0
2026-08-29,giggle water,0,0
2026-08-29,gigglemug,0,0
2026-08-29,glad rags,0,0
2026-08-29,glazing,0,0
2026-08-29,got the morbs,0,0
2026-08-29,groovy,0,0
2026-08-29,gyatt,0,0
2026-08-29,hard pass,0,0
2026-08-29,hawkshaw,0,0
2026-08-29,hoosegow,0,0
2026-08-29,htn,0,0
2026-08-29,humbuggery,0,0
2026-08-29,huzz,0,0
2026-08-29,innit,0,0
2026-08-29,knackered,0,0
2026-08-29,lit,0,0
2026-08-29,lowkenuinely,0,0
2026-08-29,mandem,0,0
2026-08-29,mewing,0,0
2026-08-29,mogging,0,0
2026-08-29,mooncalf,0,0
2026-08-29,nanty narking,0,0
2026-08-29,peng,0,0
2026-08-29,phat,0,0
2026-08-29,quid,0,0
2026-08-29,ragebait,0,0
2026-08-29,rapscallion,0,0
2026-08-29,rich in life,0,0
2026-08-29,rizz,0,0
2026-08-29,salty,0,0
2026-08-29,serving,0,0
2026-08-29,shackbaggerly,0,0
2026-08-29,side-eye,0,0
2026-08-29,sigma,0,0
2026-08-29,situationship,0,0
2026-08-29,skibidi,0,0
2026-08-29,skilamalink,0,0
2026-08-29,slang,0,0
2026-08-29,sus,0,0
2026-08-29,taradiddle,0,0
2026-08-29,the ick,0,0
2026-08-29,touch grass,0,0
2026-08-29,uglyography,0,0
2026-08-29,unc,0,0
2026-08-29,wagwan,0,0
2026-08-29,wisenheimer,0,0
2026-08-29,zang,0,0
2026-08-29,zounds,0,0
2026-08-30,404 coded,0,0
2026-08-30,6-7,0,0
2026-08-30,absquatulate,0,0
2026-08-30,afternoonified,0,0
2026-08-30,algo-speak,0,0
2026-08-30,ate,0,0
2026-08-30,aura,0,0
2026-08-30,aura farming,0,0
2026-08-30,based,0,0
2026-08-30,bed rotting,0,0
2026-08-30,bee's knees,0,0
2026-08-30,beige flag,0,0
2026-08-30,blotto,0,0
2026-08-30,bop,0,0
2026-08-30,brainrot,0,0
2026-08-30,cap,0,0
2026-08-30,cattywampus,0,0
2026-08-30,caught in 4k,0,0
2026-08-30,choppelganger,0,0
2026-08-30,cooked,0,0
2026-08-30,crash out,0,0
2026-08-30,dandy,0,0
2026-08-30,dead soldier,0,0
2026-08-30,delulu,0,0
2026-08-30,drip,0,0
2026-08-30,dropping lore,0,0
2026-08-30,duck soup,0,0
2026-08-30,ends,0,0
2026-08-30,fanum tax,0,0
2026-08-30,flapper,0,0
2026-08-30,flummadiddle,0,0
2026-08-30,gassed,0,0
2026-08-30,ghosting,0,0
2026-08-30,giggle water,0,0
2026-08-30,gigglemug,0,0
2026-08-30,glad rags,0,0
2026-08-30,glazing,0,0
2026-08-30,got the morbs,0,0
2026-08-30,groovy,0,0
2026-08-30,gyatt,0,0
2026-08-30,hard pass,0,0
2026-08-30,hawkshaw,0,0
2026-08-30,hoosegow,0,0
2026-08-30,htn,0,0
2026-08-30,humbuggery,0,0
2026-08-30,huzz,0,0
2026-08-30,innit,0,0
2026-08-30,knackered,0,0
2026-08-30,lit,0,0
2026-08-30,lowkenuinely,0,0
2026-08-30,mandem,0,0
2026-08-30,mewing,0,0
2026-08-30,mogging,0,0
2026-08-30,mooncalf,0,0
2026-08-30,nanty narking,0,0
2026-08-30,peng,0,0
2026-08-30,phat,0,0
2026-08-30,quid,0,0
2026-08-30,ragebait,0,0
2026-08-30,rapscallion,0,0
2026-08-30,rich in life,0,0
2026-08-30,rizz,0,0
2026-08-30,salty,0,0
2026-08-30,serving,0,0
2026-08-30,shackbaggerly,0,0
2026-08-30,side-eye,0,0
2026-08-30,sigma,0,0
2026-08-30,situationship,0,0
2026-08-30,skibidi,0,0
2026-08-30,skilamalink,0,0
2026-08-30,slang,0,0
2026-08-30,sus,0,0
2026-08-30,taradiddle,0,0
2026-08-30,the ick,0,0
2026-08-30,touch grass,0,0
2026-08-30,uglyography,0,0
2026-08-30,unc,0,0
2026-08-30,wagwan,0,0
2026-08-30,wisenheimer,0,0
2026-08-30,zang,0,0
2026-08-30,zounds,0,0
2026-08-31,404 coded,0,0
2026-08-31,6-7,0,0
2026-08-31,absquatulate,0,0
2026-08-31,afternoonified,0,0
2026-08-31,algo-speak,0,0
2026-08-31,ate,0,0
2026-08-31,aura,0,0
2026-08-31,aura farming,0,0
2026-08-31,based,0,0
2026-08-31,bed rotting,0,0
2026-08-31,bee's knees,0,0
2026-08-31,beige flag,0,0
2026-08-31,blotto,0,0
2026-08-31,bop,0,0
2026-08-31,brainrot,0,0
2026-08-31,cap,0,0
2026-08-31,cattywampus,0,0
2026-08-31,caught in 4k,0,0
2026-08-31,choppelganger,0,0
2026-08-31,cooked,0,0
2026-08-31,crash out,0,0
2026-08-31,dandy,0,0
2026-08-31,dead soldier,0,0
2026-08-31,delulu,0,0
2026-08-31,drip,0,0
2026-08-31,dropping lore,0,0
2026-08-31,duck soup,0,0
2026-08-31,ends,0,0
2026-08-31,fanum tax,0,0
2026-08-31,flapper,0,0
2026-08-31,flummadiddle,0,0
2026-08-31,gassed,0,0
2026-08-31,ghosting,0,0
2026-08-31,giggle water,0,0
2026-08-31,gigglemug,0,0
2026-08-31,glad rags,0,0
2026-08-31,glazing,0,0
2026-08-31,got the morbs,0,0
2026-08-31,groovy,0,0
2026-08-31,gyatt,0,0
2026-08-31,hard pass,0,0
2026-08-31,hawkshaw,0,0
2026-08-31,hoosegow,0,0
2026-08-31,htn,0,0
2026-08-31,humbuggery,0,0
2026-08-31,huzz,0,0
2026-08-31,innit,0,0
2026-08-31,knackered,0,0
2026-08-31,lit,0,0
2026-08-31,lowkenuinely,0,0
2026-08-31,mandem,0,0
2026-08-31,mewing,0,0
2026-08-31,mogging,0,0
2026-08-31,mooncalf,0,0
2026-08-31,nanty narking,0,0
2026-08-31,peng,0,0
2026-08-31,phat,0,0
2026-08-31,quid,0,0
2026-08-31,ragebait,0,0
2026-08-31,rapscallion,0,0
2026-08-31,rich in life,0,0
2026-08-31,rizz,0,0
2026-08-31,salty,0,0
2026-08-31,serving,0,0
2026-08-31,shackbaggerly,0,0
2026-08-31,side-eye,0,0
2026-08-31,sigma,0,0
2026-08-31,situationship,0,0
2026-08-31,skibidi,0,0
2026-08-31,skilamalink,0,0
2026-08-31,slang,0,0
2026-08-31,sus,0,0
2026-08-31,taradiddle,0,0
2026-08-31,the ick,0,0
2026-08-31,touch grass,0,0
2026-08-31,uglyography,0,0
2026-08-31,unc,0,0
2026-08-31,wagwan,0,0
2026-08-31,wisenheimer,0,0
2026-08-31,zang,0,0
2026-08-31,zounds,0,0
2026-09-01,404 coded,0,0
2026-09-01,6-7,0,0
2026-09-01,absquatulate,0,0
2026-09-01,afternoonified,0,0
2026-09-01,algo-speak,0,0
2026-09-01,ate,0,0
2026-09-01,aura,0,0
2026-09-01,aura farming,0,0
2026-09-01,based,0,0
2026-09-01,bed rotting,0,0
2026-09-01,bee's knees,0,0
2026-09-01,beige flag,0,0
2026-09-01,blotto,0,0
2026-09-01,bop,0,0
2026-09-01,brainrot,0,0
2026-09-01,cap,0,0
2026-09-01,cattywampus,0,0
2026-09-01,caught in 4k,0,0
2026-09-01,choppelganger,0,0
2026-09-01,cooked,0,0
2026-09-01,crash out,0,0
2026-09-01,dandy,0,0
2026-09-01,dead soldier,0,0
2026-09-01,delulu,0,0
2026-09-01,drip,0,0
2026-09-01,dropping lore,0,0
2026-09-01,duck soup,0,0
2026-09-01,ends,0,0
2026-09-01,fanum tax,0,0
2026-09-01,flapper,0,0
2026-09-01,flummadiddle,0,0
2026-09-01,gassed,0,0
2026-09-01,ghosting,0,0
2026-09-01,giggle water,0,0
2026-09-01,gigglemug,0,0
2026-09-01,glad rags,0,0
2026-09-01,glazing,0,0
2026-09-01,got the morbs,0,0
2026-09-01,groovy,0,0
2026-09-01,gyatt,0,0
2026-09-01,hard pass,0,0
2026-09-01,hawkshaw,0,0
2026-09-01,hoosegow,0,0
2026-09-01,htn,0,0
2026-09-01,humbuggery,0,0
2026-09-01,huzz,0,0
2026-09-01,innit,0,0
2026-09-01,knackered,0,0
2026-09-01,lit,0,0
2026-09-01,lowkenuinely,0,0
2026-09-01,mandem,0,0
2026-09-01,mewing,0,0
2026-09-01,mogging,0,0
2026-09-01,mooncalf,0,0
2026-09-01,nanty narking,0,0
2026-09-01,peng,0,0
2026-09-01,phat,0,0
2026-09-01,quid,0,0
2026-09-01,ragebait,0,0
2026-09-01,rapscallion,0,0
2026-09-01,rich in life,0,0
2026-09-01,rizz,0,0
2026-09-01,salty,0,0
2026-09-01,serving,0,0
2026-09-01,shackbaggerly,0,0
2026-09-01,side-eye,0,0
2026-09-01,sigma,0,0
2026-09-01,situationship,0,0
2026-09-01,skibidi,0,0
2026-09-01,skilamalink,0,0
2026-09-01,slang,0,0
2026-09-01,sus,0,0
2026-09-01,taradiddle,0,0
2026-09-01,the ick,0,0
2026-09-01,touch grass,0,0
2026-09-01,uglyography,0,0
2026-09-01,unc,0,0
2026-09-01,wagwan,0,0
2026-09-01,wisenheimer,0,0
2026-09-01,zang,0,0
2026-09-01,zounds,0,0
